Symbol,Type,Source_File,Rows,Start_Date,End_Date,Average_Volume
FTAI,Stock,data/historical/stocks/FTAI.csv,6075,1996-01-03,2020-04-01,335438096.1646091
AAPL,Stock,data/historical/stocks/AAPL.csv,9909,1980-12-12,2020-04-01,85829159.2996266
SPY,ETF,data/historical/etfs/SPY.csv,6843,1993-01-29,2020-04-01,84627323.81996201
QQQ,ETF,data/historical/etfs/QQQ.csv,5301,1999-03-10,2020-04-01,69327725.78758724
MSFT,Stock,data/historical/stocks/MSFT.csv,8584,1986-03-13,2020-04-01,60394850.01164958
CSCO,Stock,data/historical/stocks/CSCO.csv,7589,1990-02-16,2020-04-01,56801875.97838978
XLF,ETF,data/historical/etfs/XLF.csv,5353,1998-12-22,2020-04-01,56509660.5268074
FAS,ETF,data/historical/etfs/FAS.csv,2860,2008-11-19,2020-04-01,55438394.40559441
INTC,Stock,data/historical/stocks/INTC.csv,10098,1980-03-17,2020-04-01,51774041.77064765
EEM,ETF,data/historical/etfs/EEM.csv,4272,2003-04-14,2020-04-01,50939106.78838951
ORCL,Stock,data/historical/stocks/ORCL.csv,8585,1986-03-12,2020-04-01,38789189.49330227
EBAY,Stock,data/historical/stocks/EBAY.csv,5415,1998-09-24,2020-04-01,37971615.715604804
BAC,Stock,data/historical/stocks/BAC.csv,11885,1973-02-21,2020-04-01,37730206.31942107
IWM,ETF,data/historical/etfs/IWM.csv,4993,2000-05-26,2020-04-01,36616607.41037452
QLD,ETF,data/historical/etfs/QLD.csv,3469,2006-06-21,2020-04-01,35353831.91121361
SIRI,Stock,data/historical/stocks/SIRI.csv,6434,1994-09-13,2020-04-01,31516048.057196144
GDX,ETF,data/historical/etfs/GDX.csv,3490,2006-05-22,2020-04-01,29852932.464183383
PAE,Stock,data/historical/stocks/PAE.csv,2699,2006-10-09,2020-04-01,26485836.354946278
SPXL,ETF,data/historical/etfs/SPXL.csv,2870,2008-11-05,2020-04-01,25520647.909407664
TNA,ETF,data/historical/etfs/TNA.csv,2860,2008-11-19,2020-04-01,24865751.013986014
GE,Stock,data/historical/stocks/GE.csv,14663,1962-01-02,2020-04-01,23351777.085180387
SSO,ETF,data/historical/etfs/SSO.csv,3469,2006-06-21,2020-04-01,20666080.859037187
VALE,Stock,data/historical/stocks/VALE.csv,4540,2002-03-21,2020-04-01,20540356.16740088
F,Stock,data/historical/stocks/F.csv,12064,1972-06-01,2020-04-01,19658384.350132626
KTB,Stock,data/historical/stocks/KTB.csv,3513,2002-12-24,2020-04-01,19215968.35155138
FXI,ETF,data/historical/etfs/FXI.csv,3897,2004-10-08,2020-04-01,18939635.976392098
AMAT,Stock,data/historical/stocks/AMAT.csv,10099,1980-03-17,2020-04-01,18931328.17389582
QCOM,Stock,data/historical/stocks/QCOM.csv,7128,1991-12-13,2020-04-01,18727419.823232323
NFLX,Stock,data/historical/stocks/NFLX.csv,4496,2002-05-23,2020-04-01,17780326.75711744
NOK,Stock,data/historical/stocks/NOK.csv,6546,1994-01-03,2020-04-01,17766199.037580203
PFE,Stock,data/historical/stocks/PFE.csv,12064,1972-06-01,2020-04-01,17714982.675729442
NUSA,ETF,data/historical/etfs/NUSA.csv,1918,2008-12-04,2020-04-01,17540602.910323255
V,Stock,data/historical/stocks/V.csv,3031,2008-03-19,2020-04-01,17246200.197954472
ITUB,Stock,data/historical/stocks/ITUB.csv,4558,2002-02-25,2020-04-01,16508982.009653356
USO,ETF,data/historical/etfs/USO.csv,3519,2006-04-10,2020-04-01,16494331.400966184
BB,Stock,data/historical/stocks/BB.csv,5324,1999-02-04,2020-04-01,16161963.673929377
PBR,Stock,data/historical/stocks/PBR.csv,4941,2000-08-10,2020-04-01,16123750.71847804
NVDA,Stock,data/historical/stocks/NVDA.csv,5334,1999-01-22,2020-04-01,15905809.956872305
SBUX,Stock,data/historical/stocks/SBUX.csv,6993,1992-06-26,2020-04-01,15748554.096954096
MU,Stock,data/historical/stocks/MU.csv,9033,1984-06-01,2020-04-01,15493746.93900144
EFA,ETF,data/historical/etfs/EFA.csv,4678,2001-08-27,2020-04-01,15435142.432663532
GILD,Stock,data/historical/stocks/GILD.csv,7102,1992-01-22,2020-04-01,15234696.156012392
HPQ,Stock,data/historical/stocks/HPQ.csv,14663,1962-01-02,2020-04-01,14792271.731569257
AMD,Stock,data/historical/stocks/AMD.csv,10098,1980-03-17,2020-04-01,14516250.72291543
CMCSA,Stock,data/historical/stocks/CMCSA.csv,10098,1980-03-17,2020-04-01,14326692.790651614
FCX,Stock,data/historical/stocks/FCX.csv,6227,1995-07-10,2020-04-01,14288895.631925486
XLE,ETF,data/historical/etfs/XLE.csv,5353,1998-12-22,2020-04-01,13691175.957407061
CHK,Stock,data/historical/stocks/CHK.csv,6838,1993-02-05,2020-04-01,13541980.710734133
BIDU,Stock,data/historical/stocks/BIDU.csv,3689,2005-08-05,2020-04-01,13340610.40932502
MA,Stock,data/historical/stocks/MA.csv,3487,2006-05-25,2020-04-01,13246710.840263838
T,Stock,data/historical/stocks/T.csv,9166,1983-11-21,2020-04-01,13009513.866463015
EWZ,ETF,data/historical/etfs/EWZ.csv,4960,2000-07-14,2020-04-01,13005217.883064516
OIH,ETF,data/historical/etfs/OIH.csv,4805,2001-02-26,2020-04-01,12413485.348595213
BBD,Stock,data/historical/stocks/BBD.csv,4448,2002-08-02,2020-04-02,12217059.433325838
VWO,ETF,data/historical/etfs/VWO.csv,3792,2005-03-10,2020-04-01,12141357.937763713
NKE,Stock,data/historical/stocks/NKE.csv,9919,1980-12-02,2020-04-01,12087968.088324258
SLV,ETF,data/historical/etfs/SLV.csv,3506,2006-04-28,2020-04-01,11873865.116942385
JPM,Stock,data/historical/stocks/JPM.csv,10098,1980-03-17,2020-04-01,11828031.38245197
INFY,Stock,data/historical/stocks/INFY.csv,5300,1999-03-11,2020-04-01,11783763.849056603
TJX,Stock,data/historical/stocks/TJX.csv,8258,1987-06-26,2020-04-01,11015014.894647615
DAL,Stock,data/historical/stocks/DAL.csv,3252,2007-05-03,2020-04-01,10864733.517835177
WFC,Stock,data/historical/stocks/WFC.csv,12064,1972-06-01,2020-04-01,10817777.975795755
XRT,ETF,data/historical/etfs/XRT.csv,3468,2006-06-22,2020-04-01,10237353.056516724
MRVL,Stock,data/historical/stocks/MRVL.csv,4969,2000-06-30,2020-04-01,10216538.901187362
MS,Stock,data/historical/stocks/MS.csv,6829,1993-02-23,2020-04-01,10094772.916361505
IAA,Stock,data/historical/stocks/IAA.csv,2586,2008-05-22,2020-04-01,10065820.383217324
GLD,ETF,data/historical/etfs/GLD.csv,3868,2004-11-18,2020-04-01,9731129.782833505
LVS,Stock,data/historical/stocks/LVS.csv,3850,2004-12-15,2020-04-01,9607433.376623377
AUY,Stock,data/historical/stocks/AUY.csv,4084,2004-01-12,2020-04-01,9600251.689520078
UYG,ETF,data/historical/etfs/UYG.csv,3315,2007-02-01,2020-04-01,9532136.53092006
TSM,Stock,data/historical/stocks/TSM.csv,5656,1997-10-09,2020-04-01,9466613.879066478
JNPR,Stock,data/historical/stocks/JNPR.csv,5226,1999-06-25,2020-04-01,9111367.412935324
BSM,Stock,data/historical/stocks/BSM.csv,2982,2008-02-14,2020-04-01,9059022.013422819
SLM,Stock,data/historical/stocks/SLM.csv,9207,1983-09-23,2020-04-01,9040865.732594766
KO,Stock,data/historical/stocks/KO.csv,14664,1962-01-02,2020-04-01,8826423.248994067
DDM,ETF,data/historical/etfs/DDM.csv,3469,2006-06-21,2020-04-01,8720847.50648602
C,Stock,data/historical/stocks/C.csv,10907,1977-01-03,2020-04-01,8712951.278995141
CX,Stock,data/historical/stocks/CX.csv,5170,1999-09-15,2020-04-01,8688520.0967118
TXN,Stock,data/historical/stocks/TXN.csv,12065,1972-06-01,2020-04-01,8636958.89423077
XOM,Stock,data/historical/stocks/XOM.csv,14663,1962-01-02,2020-04-01,8495592.334447248
SMH,ETF,data/historical/etfs/SMH.csv,4988,2000-06-05,2020-04-01,8480328.207698476
AMGN,Stock,data/historical/stocks/AMGN.csv,9275,1983-06-17,2020-04-01,8461240.74393531
ABT,Stock,data/historical/stocks/ABT.csv,10098,1980-03-17,2020-04-01,8276648.722519311
IBN,Stock,data/historical/stocks/IBN.csv,5035,2000-03-28,2020-04-01,8264459.622641509
BSX,Stock,data/historical/stocks/BSX.csv,7020,1992-05-19,2020-04-01,8200762.478632479
VZ,Stock,data/historical/stocks/VZ.csv,9166,1983-11-21,2020-04-01,8167883.951560114
ATVI,Stock,data/historical/stocks/ATVI.csv,6657,1993-10-25,2020-04-01,7905842.166140905
AAL,Stock,data/historical/stocks/AAL.csv,3653,2005-09-27,2020-04-01,7855648.316452231
HD,Stock,data/historical/stocks/HD.csv,9715,1981-09-22,2020-04-01,7806784.580545548
IYR,ETF,data/historical/etfs/IYR.csv,4978,2000-06-19,2020-04-01,7747892.728003214
MDLZ,Stock,data/historical/stocks/MDLZ.csv,4731,2001-06-13,2020-04-01,7652895.475687103
XLI,ETF,data/historical/etfs/XLI.csv,5353,1998-12-22,2020-04-01,7573829.198580235
AMZN,Stock,data/historical/stocks/AMZN.csv,5758,1997-05-15,2020-04-01,7556093.938867662
WMT,Stock,data/historical/stocks/WMT.csv,12004,1972-08-25,2020-04-01,7496759.896701099
HYG,ETF,data/historical/etfs/HYG.csv,3268,2007-04-11,2020-04-01,7261313.3414932685
CY,Stock,data/historical/stocks/CY.csv,8531,1986-05-29,2020-04-01,7189780.916656898
XLU,ETF,data/historical/etfs/XLU.csv,5353,1998-12-22,2020-04-01,7186528.357930132
AMX,Stock,data/historical/stocks/AMX.csv,4814,2001-02-12,2020-04-01,7140847.3410884915
MRK,Stock,data/historical/stocks/MRK.csv,12676,1970-01-02,2020-04-01,7080592.4187440835
DIA,ETF,data/historical/etfs/DIA.csv,5587,1998-01-20,2020-04-01,7073591.5697154105
UAA,Stock,data/historical/stocks/UAA.csv,3615,2005-11-18,2020-04-01,7048976.265560166
GOOGL,Stock,data/historical/stocks/GOOGL.csv,3932,2004-08-19,2020-04-01,7047423.067141403
GOOG,Stock,data/historical/stocks/GOOG.csv,3932,2004-08-19,2020-04-01,7012621.515768057
CRM,Stock,data/historical/stocks/CRM.csv,3972,2004-06-23,2020-04-01,6915832.502517624
GLW,Stock,data/historical/stocks/GLW.csv,9646,1981-12-31,2020-04-01,6903316.454121307
GNW,Stock,data/historical/stocks/GNW.csv,3991,2004-05-25,2020-04-01,6847379.102981709
NLY,Stock,data/historical/stocks/NLY.csv,5657,1997-10-08,2020-04-01,6825632.614459961
UNH,Stock,data/historical/stocks/UNH.csv,8937,1984-10-17,2020-04-01,6808565.055387714
SCHW,Stock,data/historical/stocks/SCHW.csv,8198,1987-09-22,2020-04-01,6796377.60429373
CF,Stock,data/historical/stocks/CF.csv,3685,2005-08-11,2020-04-01,6787672.455902306
ADBE,Stock,data/historical/stocks/ADBE.csv,8478,1986-08-13,2020-04-01,6786666.430761972
MO,Stock,data/historical/stocks/MO.csv,14664,1962-01-02,2020-04-01,6597704.828479847
LOW,Stock,data/historical/stocks/LOW.csv,10098,1980-03-17,2020-04-01,6573983.194692018
VIAC,Stock,data/historical/stocks/VIAC.csv,3605,2005-12-05,2020-04-01,6551855.367545077
STX,Stock,data/historical/stocks/STX.csv,4356,2002-12-11,2020-04-01,6539145.041322314
CSX,Stock,data/historical/stocks/CSX.csv,9937,1980-11-03,2020-04-01,6481663.852269297
IAU,ETF,data/historical/etfs/IAU.csv,3820,2005-01-28,2020-04-01,6466566.780104712
XLK,ETF,data/historical/etfs/XLK.csv,5353,1998-12-22,2020-04-01,6423907.939473192
PM,Stock,data/historical/stocks/PM.csv,3033,2008-03-17,2020-04-01,6165513.517969008
ROST,Stock,data/historical/stocks/ROST.csv,8734,1985-08-08,2020-04-01,6165122.661170274
MET,Stock,data/historical/stocks/MET.csv,5029,2000-04-05,2020-04-01,6137780.870948499
HAL,Stock,data/historical/stocks/HAL.csv,12065,1972-06-01,2020-04-01,6125884.864058356
RSX,ETF,data/historical/etfs/RSX.csv,3255,2007-04-30,2020-04-01,6120079.631336406
CTSH,Stock,data/historical/stocks/CTSH.csv,5482,1998-06-19,2020-04-01,6101049.179131703
GRAF,Stock,data/historical/stocks/GRAF.csv,4605,2000-04-11,2020-04-01,6087748.234093376
DIS,Stock,data/historical/stocks/DIS.csv,14663,1962-01-02,2020-04-01,6022936.547773307
COP,Stock,data/historical/stocks/COP.csv,9645,1981-12-31,2020-04-01,6002743.742871954
SLB,Stock,data/historical/stocks/SLB.csv,9645,1981-12-31,2020-04-01,5974829.186106791
RF,Stock,data/historical/stocks/RF.csv,10098,1980-03-17,2020-04-01,5964270.380273322
SAF,Stock,data/historical/stocks/SAF.csv,2902,1998-10-07,2020-04-01,5904495.269124742
WU,Stock,data/historical/stocks/WU.csv,3398,2006-10-02,2020-04-01,5867675.338434373
UAL,Stock,data/historical/stocks/UAL.csv,3563,2006-02-06,2020-04-01,5824065.478529329
XLNX,Stock,data/historical/stocks/XLNX.csv,7510,1990-06-12,2020-04-01,5819686.697736352
GOLD,Stock,data/historical/stocks/GOLD.csv,8862,1985-02-04,2020-04-01,5765725.468291582
VIAV,Stock,data/historical/stocks/VIAV.csv,6640,1993-11-17,2020-04-01,5743797.515060241
TLT,ETF,data/historical/etfs/TLT.csv,4450,2002-07-30,2020-04-01,5743574.179775281
MNST,Stock,data/historical/stocks/MNST.csv,8649,1985-12-09,2020-04-01,5722449.277373107
X,Stock,data/historical/stocks/X.csv,7299,1991-04-12,2020-04-01,5708688.998492944
KR,Stock,data/historical/stocks/KR.csv,10907,1977-01-03,2020-04-01,5688985.156321628
BMY,Stock,data/historical/stocks/BMY.csv,12065,1972-06-01,2020-04-02,5672500.9864058355
ICE,Stock,data/historical/stocks/ICE.csv,3617,2005-11-16,2020-04-01,5665873.292784075
XLP,ETF,data/historical/etfs/XLP.csv,5353,1998-12-22,2020-04-01,5642649.2060526805
RIG,Stock,data/historical/stocks/RIG.csv,6760,1993-05-28,2020-04-01,5614777.4408284025
ABEV,Stock,data/historical/stocks/ABEV.csv,5808,1997-03-05,2020-04-01,5614468.199035813
ON,Stock,data/historical/stocks/ON.csv,5011,2000-05-02,2020-04-01,5529613.39054081
XLB,ETF,data/historical/etfs/XLB.csv,5353,1998-12-22,2020-04-01,5485439.902858211
FLEX,Stock,data/historical/stocks/FLEX.csv,6556,1994-03-18,2020-04-01,5484356.985967053
JNJ,Stock,data/historical/stocks/JNJ.csv,14663,1962-01-02,2020-04-01,5484287.8537816275
GS,Stock,data/historical/stocks/GS.csv,5263,1999-05-04,2020-04-01,5473830.647919438
M,Stock,data/historical/stocks/M.csv,7092,1992-02-05,2020-04-01,5440309.560067682
KEY,Stock,data/historical/stocks/KEY.csv,8166,1987-11-05,2020-04-01,5438988.831741367
MGM,Stock,data/historical/stocks/MGM.csv,8044,1988-05-02,2020-04-01,5396847.575832919
NTAP,Stock,data/historical/stocks/NTAP.csv,6132,1995-11-21,2020-04-01,5358857.697325505
JBLU,Stock,data/historical/stocks/JBLU.csv,4525,2002-04-12,2020-04-01,5356117.966850828
GGB,Stock,data/historical/stocks/GGB.csv,5301,1999-03-10,2020-04-01,5300978.2493869085
HTZ,Stock,data/historical/stocks/HTZ.csv,3365,2006-11-16,2020-04-01,5242216.760772659
VEA,ETF,data/historical/etfs/VEA.csv,3194,2007-07-26,2020-04-01,5157343.143393864
AXP,Stock,data/historical/stocks/AXP.csv,12065,1972-06-01,2020-04-02,5131756.216843502
MRO,Stock,data/historical/stocks/MRO.csv,12676,1970-01-02,2020-04-01,5130068.964973178
XLV,ETF,data/historical/etfs/XLV.csv,5353,1998-12-22,2020-04-01,5054908.014197647
BBY,Stock,data/historical/stocks/BBY.csv,8811,1985-04-18,2020-04-01,4976474.736125298
PG,Stock,data/historical/stocks/PG.csv,14663,1962-01-02,2020-04-01,4939900.034099434
GPS,Stock,data/historical/stocks/GPS.csv,10099,1980-03-17,2020-04-01,4898321.509209745
ET,Stock,data/historical/stocks/ET.csv,4685,2001-08-15,2020-04-01,4895369.805549626
IBM,Stock,data/historical/stocks/IBM.csv,14663,1962-01-02,2020-04-01,4864189.967946532
VLO,Stock,data/historical/stocks/VLO.csv,9644,1982-01-04,2020-04-01,4773839.413106595
TCOM,Stock,data/historical/stocks/TCOM.csv,4106,2003-12-09,2020-04-01,4665022.162688748
EWJ,ETF,data/historical/etfs/EWJ.csv,6052,1996-03-18,2020-04-01,4638120.456047588
EA,Stock,data/historical/stocks/EA.csv,7693,1989-09-20,2020-04-01,4632812.6348628625
TEVA,Stock,data/historical/stocks/TEVA.csv,9614,1982-02-16,2020-04-01,4494302.381943
LUV,Stock,data/historical/stocks/LUV.csv,10151,1980-01-02,2020-04-01,4488490.0591133
WMB,Stock,data/historical/stocks/WMB.csv,9646,1981-12-31,2020-04-01,4448089.414204251
HBI,Stock,data/historical/stocks/HBI.csv,3416,2006-09-06,2020-04-01,4447598.1264637
XHB,ETF,data/historical/etfs/XHB.csv,3563,2006-02-06,2020-04-01,4418025.063149031
RTH,ETF,data/historical/etfs/RTH.csv,4748,2001-05-17,2020-04-01,4413077.295703454
YUM,Stock,data/historical/stocks/YUM.csv,5672,1997-09-17,2020-04-01,4404535.772214387
AEO,Stock,data/historical/stocks/AEO.csv,6538,1994-04-14,2020-04-01,4402901.774242887
MCD,Stock,data/historical/stocks/MCD.csv,13528,1966-07-05,2020-04-01,4375622.457125961
FAST,Stock,data/historical/stocks/FAST.csv,8220,1987-08-20,2020-04-01,4358756.557177615
DNR,Stock,data/historical/stocks/DNR.csv,6186,1995-09-06,2020-04-01,4324871.645651471
BAX,Stock,data/historical/stocks/BAX.csv,9690,1981-10-27,2020-04-01,4307143.075335397
DFS,Stock,data/historical/stocks/DFS.csv,3223,2007-06-14,2020-04-01,4293271.610300962
BX,Stock,data/historical/stocks/BX.csv,3217,2007-06-22,2020-04-01,4284803.574759092
HBAN,Stock,data/historical/stocks/HBAN.csv,10099,1980-03-17,2020-04-01,4279091.532976827
KRE,ETF,data/historical/etfs/KRE.csv,3468,2006-06-22,2020-04-01,4229665.253748558
MLCO,Stock,data/historical/stocks/MLCO.csv,3343,2006-12-19,2020-04-01,4169524.498953036
AGNC,Stock,data/historical/stocks/AGNC.csv,2991,2008-05-15,2020-04-01,4150998.5289200936
ERIC,Stock,data/historical/stocks/ERIC.csv,9735,1981-08-24,2020-04-01,4144141.304571135
TPR,Stock,data/historical/stocks/TPR.csv,4901,2000-10-06,2020-04-01,4127463.6808814527
UNP,Stock,data/historical/stocks/UNP.csv,10150,1980-01-02,2020-04-01,4101915.408866995
PEP,Stock,data/historical/stocks/PEP.csv,12064,1972-06-01,2020-04-01,4089922.2065649866
TGT,Stock,data/historical/stocks/TGT.csv,11884,1973-02-21,2020-04-01,4087519.4968024236
FITB,Stock,data/historical/stocks/FITB.csv,10098,1980-03-17,2020-04-01,4037407.9025549614
MDT,Stock,data/historical/stocks/MDT.csv,11835,1973-05-02,2020-04-01,4026130.7562315166
ODP,Stock,data/historical/stocks/ODP.csv,8023,1988-06-01,2020-04-01,3979727.259130001
PS,Stock,data/historical/stocks/PS.csv,2739,2005-12-06,2020-04-01,3947777.5100401607
VOD,Stock,data/historical/stocks/VOD.csv,7915,1988-11-02,2020-04-01,3942315.742261529
JCP,Stock,data/historical/stocks/JCP.csv,11885,1973-02-21,2020-04-01,3933340.769101313
IAG,Stock,data/historical/stocks/IAG.csv,4209,2003-07-15,2020-04-01,3924817.7476835353
SWN,Stock,data/historical/stocks/SWN.csv,10098,1980-03-17,2020-04-01,3921941.0675381264
XLY,ETF,data/historical/etfs/XLY.csv,5353,1998-12-22,2020-04-01,3909799.514291052
FISV,Stock,data/historical/stocks/FISV.csv,8448,1986-09-25,2020-04-01,3897898.4375
JCI,Stock,data/historical/stocks/JCI.csv,8827,1985-03-27,2020-04-01,3891978.019487877
QRTEA,Stock,data/historical/stocks/QRTEA.csv,3498,2006-05-10,2020-04-01,3870043.9393939395
USB,Stock,data/historical/stocks/USB.csv,11834,1973-05-03,2020-04-01,3866648.056447524
SID,Stock,data/historical/stocks/SID.csv,5881,1996-11-18,2020-04-01,3866395.9360652952
CTXS,Stock,data/historical/stocks/CTXS.csv,6120,1995-12-08,2020-04-01,3861749.31372549
NRG,Stock,data/historical/stocks/NRG.csv,4111,2003-12-02,2020-04-01,3820164.5828265627
NOV,Stock,data/historical/stocks/NOV.csv,5895,1996-10-29,2020-04-01,3816358.5411365563
NE,Stock,data/historical/stocks/NE.csv,8702,1985-09-23,2020-04-01,3803999.379452999
DHI,Stock,data/historical/stocks/DHI.csv,7008,1992-06-05,2020-04-01,3779676.38413242
COG,Stock,data/historical/stocks/COG.csv,7595,1990-02-08,2020-04-01,3773527.333772219
DISCA,Stock,data/historical/stocks/DISCA.csv,3709,2005-07-08,2020-04-01,3750356.1337287677
CVS,Stock,data/historical/stocks/CVS.csv,11884,1973-02-21,2020-04-01,3738280.3096600473
AES,Stock,data/historical/stocks/AES.csv,7247,1991-06-26,2020-04-01,3706249.9655029667
A,Stock,data/historical/stocks/A.csv,5124,1999-11-18,2020-04-01,3693249.9804839967
BP,Stock,data/historical/stocks/BP.csv,10907,1977-01-03,2020-04-01,3680692.9953241036
INTU,Stock,data/historical/stocks/INTU.csv,6814,1993-03-12,2020-04-01,3662333.8127384796
AFL,Stock,data/historical/stocks/AFL.csv,10098,1980-03-17,2020-04-01,3623767.7460883344
WBA,Stock,data/historical/stocks/WBA.csv,10098,1980-03-17,2020-04-01,3604106.60526837
AMTD,Stock,data/historical/stocks/AMTD.csv,5809,1997-03-04,2020-04-01,3603185.2814598037
TMUS,Stock,data/historical/stocks/TMUS.csv,3262,2007-04-19,2020-04-01,3597096.2293071733
CVX,Stock,data/historical/stocks/CVX.csv,14663,1962-01-02,2020-04-01,3584977.964945782
KGC,Stock,data/historical/stocks/KGC.csv,9846,1981-03-17,2020-04-01,3570409.587649807
NEM,Stock,data/historical/stocks/NEM.csv,10099,1980-03-17,2020-04-01,3566092.4440483265
OXY,Stock,data/historical/stocks/OXY.csv,9645,1981-12-31,2020-04-01,3562549.828926905
EOG,Stock,data/historical/stocks/EOG.csv,7683,1989-10-04,2020-04-01,3560066.497461929
WYND,Stock,data/historical/stocks/WYND.csv,3450,2006-07-19,2020-04-01,3550576.9855072466
COF,Stock,data/historical/stocks/COF.csv,6388,1994-11-16,2020-04-01,3547429.5397620536
VEON,Stock,data/historical/stocks/VEON.csv,5882,1996-11-15,2020-04-01,3533702.80516831
CNX,Stock,data/historical/stocks/CNX.csv,5265,1999-04-30,2020-04-01,3531569.3827160494
CL,Stock,data/historical/stocks/CL.csv,11835,1973-05-02,2020-04-01,3507339.636670891
BBBY,Stock,data/historical/stocks/BBBY.csv,7008,1992-06-05,2020-04-01,3462076.22716895
HIG,Stock,data/historical/stocks/HIG.csv,6115,1995-12-15,2020-04-01,3437094.9304987737
WPM,Stock,data/historical/stocks/WPM.csv,5049,2000-03-08,2020-04-01,3384712.2049910873
UPS,Stock,data/historical/stocks/UPS.csv,5130,1999-11-10,2020-04-01,3372396.783625731
HLF,Stock,data/historical/stocks/HLF.csv,3849,2004-12-16,2020-04-01,3365897.401922577
EWT,ETF,data/historical/etfs/EWT.csv,4974,2000-06-23,2020-04-01,3307809.5697627664
BHC,Stock,data/historical/stocks/BHC.csv,6549,1994-03-29,2020-04-01,3291255.2603450906
TH,Stock,data/historical/stocks/TH.csv,2847,2005-05-26,2020-04-01,3283098.740779768
LLY,Stock,data/historical/stocks/LLY.csv,12064,1972-06-01,2020-04-01,3260601.143899204
IGT,Stock,data/historical/stocks/IGT.csv,7564,1990-03-26,2020-04-01,3252264.1591750397
VER,Stock,data/historical/stocks/VER.csv,5032,1999-09-30,2020-04-01,3247918.5729332273
MXIM,Stock,data/historical/stocks/MXIM.csv,8088,1988-02-29,2020-04-01,3246200.6676557865
DLTR,Stock,data/historical/stocks/DLTR.csv,6313,1995-03-07,2020-04-01,3230887.0584508157
HST,Stock,data/historical/stocks/HST.csv,10098,1980-03-17,2020-04-01,3228818.8948306595
VRSN,Stock,data/historical/stocks/VRSN.csv,5579,1998-01-30,2020-04-01,3155703.7461910737
HUN,Stock,data/historical/stocks/HUN.csv,3810,2005-02-14,2020-04-01,3152949.776844316
FSLR,Stock,data/historical/stocks/FSLR.csv,3364,2006-11-17,2020-04-01,3146789.9821640905
ARNC,Stock,data/historical/stocks/ARNC.csv,14663,1962-01-02,2020-04-01,3103903.1179840416
PHM,Stock,data/historical/stocks/PHM.csv,10098,1980-03-17,2020-04-01,3101070.8259061202
CAT,Stock,data/historical/stocks/CAT.csv,14665,1962-01-02,2020-04-01,3090661.0038873353
LBTYA,Stock,data/historical/stocks/LBTYA.csv,3985,2004-06-03,2020-04-01,3090580.6775407777
PRU,Stock,data/historical/stocks/PRU.csv,4606,2001-12-13,2020-04-01,3089157.6204950064
TECK,Stock,data/historical/stocks/TECK.csv,4458,2002-07-18,2020-04-01,3062453.11799013
MBT,Stock,data/historical/stocks/MBT.csv,4969,2000-06-30,2020-04-01,3056443.067015496
STLD,Stock,data/historical/stocks/STLD.csv,5877,1996-11-22,2020-04-01,3051220.7929215585
CIEN,Stock,data/historical/stocks/CIEN.csv,5825,1997-02-07,2020-04-01,3046829.1502145925
KBE,ETF,data/historical/etfs/KBE.csv,3618,2005-11-15,2020-04-01,3040506.0254284134
UTX,Stock,data/historical/stocks/UTX.csv,12676,1970-01-02,2020-04-01,3035790.107289366
ACN,Stock,data/historical/stocks/ACN.csv,4705,2001-07-19,2020-04-01,3030268.012752391
IBB,ETF,data/historical/etfs/IBB.csv,4814,2001-02-12,2020-04-01,2987342.958039053
AKAM,Stock,data/historical/stocks/AKAM.csv,5138,1999-10-29,2020-04-01,2984010.3542234334
KSS,Stock,data/historical/stocks/KSS.csv,7020,1992-05-19,2020-04-01,2981494.643874644
COST,Stock,data/historical/stocks/COST.csv,8503,1986-07-09,2020-04-01,2972472.3744560746
ANTM,Stock,data/historical/stocks/ANTM.csv,4637,2001-10-30,2020-04-01,2971642.225576882
GME,Stock,data/historical/stocks/GME.csv,4565,2002-02-13,2020-04-01,2970272.705366922
PTEN,Stock,data/historical/stocks/PTEN.csv,6652,1993-11-02,2020-04-01,2960245.090963765
CNQ,Stock,data/historical/stocks/CNQ.csv,4950,2000-07-31,2020-04-01,2959463.5077793496
NBR,Stock,data/historical/stocks/NBR.csv,11884,1973-02-21,2020-04-01,2954314.835072366
SDS,ETF,data/historical/etfs/SDS.csv,3454,2006-07-13,2020-04-01,2951748.7550665895
BA,Stock,data/historical/stocks/BA.csv,14663,1962-01-02,2020-04-01,2947187.9492600425
BK,Stock,data/historical/stocks/BK.csv,11835,1973-05-03,2020-04-01,2946521.3368260944
IVV,ETF,data/historical/etfs/IVV.csv,4998,2000-05-19,2020-04-01,2944522.6290516206
MYL,Stock,data/historical/stocks/MYL.csv,10098,1980-03-17,2020-04-01,2937552.0499108736
VNQ,ETF,data/historical/etfs/VNQ.csv,3904,2004-09-29,2020-04-01,2930571.388319672
DD,Stock,data/historical/stocks/DD.csv,12064,1972-06-01,2020-04-01,2926771.1621352783
CHKP,Stock,data/historical/stocks/CHKP.csv,5980,1996-06-28,2020-04-01,2922998.076923077
FNF,Stock,data/historical/stocks/FNF.csv,3640,2005-10-14,2020-04-01,2905988.214285714
ADM,Stock,data/historical/stocks/ADM.csv,10098,1980-03-17,2020-04-01,2904323.6284412756
XME,ETF,data/historical/etfs/XME.csv,3468,2006-06-22,2020-04-01,2903769.3771626297
BKR,Stock,data/historical/stocks/BKR.csv,8315,1987-04-06,2020-04-01,2903650.7757065543
PGR,Stock,data/historical/stocks/PGR.csv,10099,1980-03-17,2020-04-01,2900405.4268171913
GIS,Stock,data/historical/stocks/GIS.csv,10099,1980-03-17,2020-04-01,2896358.001584472
SO,Stock,data/historical/stocks/SO.csv,9645,1981-12-31,2020-04-01,2892591.5707620527
ADSK,Stock,data/historical/stocks/ADSK.csv,8761,1985-06-28,2020-04-01,2890154.057755964
CBRE,Stock,data/historical/stocks/CBRE.csv,3980,2004-06-10,2020-04-01,2880707.286432161
CIG,Stock,data/historical/stocks/CIG.csv,5881,1996-11-18,2020-04-01,2877731.1851725895
KLAC,Stock,data/historical/stocks/KLAC.csv,9955,1980-10-08,2020-04-01,2864790.2963335006
CCL,Stock,data/historical/stocks/CCL.csv,8239,1987-07-24,2020-04-01,2831346.2677509408
FTI,Stock,data/historical/stocks/FTI.csv,4728,2001-06-15,2020-04-01,2830619.733502538
ALL,Stock,data/historical/stocks/ALL.csv,6757,1993-06-03,2020-04-01,2812386.3992896257
NGD,Stock,data/historical/stocks/NGD.csv,3868,2004-11-18,2020-04-01,2809485.8583247154
CNC,Stock,data/historical/stocks/CNC.csv,4606,2001-12-13,2020-04-01,2789241.2288319585
CME,Stock,data/historical/stocks/CME.csv,4359,2002-12-06,2020-04-01,2777892.865336086
PENN,Stock,data/historical/stocks/PENN.csv,6509,1994-05-26,2020-04-01,2757550.2227684744
EWH,ETF,data/historical/etfs/EWH.csv,6052,1996-03-18,2020-04-01,2754876.817580965
LYG,Stock,data/historical/stocks/LYG.csv,4617,2001-11-28,2020-04-01,2752133.766515053
TGNA,Stock,data/historical/stocks/TGNA.csv,10099,1980-03-17,2020-04-01,2751059.2097445037
CLR,Stock,data/historical/stocks/CLR.csv,3244,2007-05-15,2020-04-01,2750886.189889026
MCHP,Stock,data/historical/stocks/MCHP.csv,6809,1993-03-19,2020-04-01,2735181.6860038186
CERN,Stock,data/historical/stocks/CERN.csv,8398,1986-12-05,2020-04-01,2731073.112645868
MTG,Stock,data/historical/stocks/MTG.csv,7218,1991-08-07,2020-04-01,2719578.331947908
SAN,Stock,data/historical/stocks/SAN.csv,8235,1987-07-30,2020-04-01,2709099.3685488766
ABC,Stock,data/historical/stocks/ABC.csv,6293,1995-04-04,2020-04-01,2698817.193707294
UMC,Stock,data/historical/stocks/UMC.csv,4914,2000-09-19,2020-04-01,2698417.887667888
CHS,Stock,data/historical/stocks/CHS.csv,6806,1993-03-24,2020-04-01,2687371.67205407
TRQ,Stock,data/historical/stocks/TRQ.csv,4120,2003-11-18,2020-04-01,2680953.786407767
DISH,Stock,data/historical/stocks/DISH.csv,6239,1995-06-21,2020-04-01,2670512.5821445743
LB,Stock,data/historical/stocks/LB.csv,9583,1982-04-01,2020-04-01,2657095.3976205387
EPI,ETF,data/historical/etfs/EPI.csv,3047,2008-02-26,2020-04-01,2653684.2796192975
MSI,Stock,data/historical/stocks/MSI.csv,10908,1977-01-03,2020-04-01,2634754.94636472
AA,Stock,data/historical/stocks/AA.csv,14663,1962-01-02,2020-04-01,2617907.6723726387
JNK,ETF,data/historical/etfs/JNK.csv,3103,2007-12-04,2020-04-01,2610227.650660651
TBT,ETF,data/historical/etfs/TBT.csv,2986,2008-05-22,2020-04-01,2608234.1259209644
UWM,ETF,data/historical/etfs/UWM.csv,3320,2007-01-25,2020-04-01,2590403.734939759
DVN,Stock,data/historical/stocks/DVN.csv,8747,1985-07-22,2020-04-01,2587686.7253601644
PLUG,Stock,data/historical/stocks/PLUG.csv,5138,1999-10-29,2020-04-01,2585254.9240949787
DHR,Stock,data/historical/stocks/DHR.csv,10404,1978-12-29,2020-04-01,2544446.136101499
LULU,Stock,data/historical/stocks/LULU.csv,3193,2007-07-27,2020-04-01,2536134.8261822737
AIG,Stock,data/historical/stocks/AIG.csv,11919,1973-01-02,2020-04-01,2534133.243832858
HL,Stock,data/historical/stocks/HL.csv,10098,1980-03-17,2020-04-01,2530530.788274906
RMBS,Stock,data/historical/stocks/RMBS.csv,5759,1997-05-14,2020-04-01,2527738.54835909
IJR,ETF,data/historical/etfs/IJR.csv,4993,2000-05-26,2020-04-01,2526250.8111355896
LQD,ETF,data/historical/etfs/LQD.csv,4450,2002-07-30,2020-04-01,2516284.6741573033
AZN,Stock,data/historical/stocks/AZN.csv,6772,1993-05-12,2020-04-01,2515608.4760779683
AAXN,Stock,data/historical/stocks/AAXN.csv,4729,2001-06-08,2020-04-01,2514948.8052442377
NYCB,Stock,data/historical/stocks/NYCB.csv,6636,1993-11-23,2020-04-01,2513414.6021699817
CLF,Stock,data/historical/stocks/CLF.csv,11885,1973-02-21,2020-04-02,2491631.2436889936
IPG,Stock,data/historical/stocks/IPG.csv,10098,1980-03-17,2020-04-01,2479508.5264408793
BIIB,Stock,data/historical/stocks/BIIB.csv,7190,1991-09-17,2020-04-01,2467469.7079276773
FE,Stock,data/historical/stocks/FE.csv,5634,1997-11-10,2020-04-01,2457301.7216897407
CAG,Stock,data/historical/stocks/CAG.csv,10099,1980-03-17,2020-04-01,2452671.410180234
MAR,Stock,data/historical/stocks/MAR.csv,6665,1993-10-13,2020-04-01,2432501.200300075
ENDP,Stock,data/historical/stocks/ENDP.csv,4958,2000-07-18,2020-04-01,2427867.6079064137
VGK,ETF,data/historical/etfs/VGK.csv,3792,2005-03-10,2020-04-01,2427275.7911392404
MAS,Stock,data/historical/stocks/MAS.csv,10098,1980-03-17,2020-04-01,2427019.3899782137
EXC,Stock,data/historical/stocks/EXC.csv,11835,1973-05-02,2020-04-01,2407341.2843261515
ITT,Stock,data/historical/stocks/ITT.csv,6115,1995-12-15,2020-04-01,2404032.6737530665
SH,ETF,data/historical/etfs/SH.csv,3469,2006-06-21,2020-04-01,2403341.856442779
UBS,Stock,data/historical/stocks/UBS.csv,5000,2000-05-16,2020-04-01,2402057.86
CI,Stock,data/historical/stocks/CI.csv,9583,1982-03-31,2020-04-01,2398960.294271105
MOS,Stock,data/historical/stocks/MOS.csv,8112,1988-01-26,2020-04-01,2397722.7592158797
SPWR,Stock,data/historical/stocks/SPWR.csv,3616,2005-11-17,2020-04-01,2366463.6338495575
CROX,Stock,data/historical/stocks/CROX.csv,3561,2006-02-08,2020-04-01,2366216.456051671
XOP,ETF,data/historical/etfs/XOP.csv,3468,2006-06-22,2020-04-01,2365557.3529411764
ANF,Stock,data/historical/stocks/ANF.csv,5918,1996-09-26,2020-04-01,2356680.212909767
AMT,Stock,data/historical/stocks/AMT.csv,5560,1998-02-27,2020-04-01,2350740.0899280575
SU,Stock,data/historical/stocks/SU.csv,10099,1980-03-17,2020-04-01,2347341.1764705884
BTG,Stock,data/historical/stocks/BTG.csv,2964,2008-06-24,2020-04-01,2341377.564102564
DE,Stock,data/historical/stocks/DE.csv,12064,1972-06-01,2020-04-01,2339176.8816313
GFI,Stock,data/historical/stocks/GFI.csv,10098,1980-03-17,2020-04-01,2334031.828084769
TV,Stock,data/historical/stocks/TV.csv,6622,1993-12-14,2020-04-01,2333501.283600121
JBL,Stock,data/historical/stocks/JBL.csv,6779,1993-05-03,2020-04-01,2328121.2125682253
XBI,ETF,data/historical/etfs/XBI.csv,3563,2006-02-06,2020-04-01,2324638.1981476285
EPD,Stock,data/historical/stocks/EPD.csv,5457,1998-07-28,2020-04-01,2303568.2001466276
IAC,Stock,data/historical/stocks/IAC.csv,6851,1993-01-19,2020-04-01,2298620.960443731
EZU,ETF,data/historical/etfs/EZU.csv,4949,2000-07-31,2020-04-01,2297070.2566174986
URBN,Stock,data/historical/stocks/URBN.csv,6646,1993-11-09,2020-04-01,2290292.326211255
ETFC,Stock,data/historical/stocks/ETFC.csv,5946,1996-08-16,2020-04-01,2282992.112344433
TEL,Stock,data/historical/stocks/TEL.csv,3223,2007-06-14,2020-04-01,2277333.0127210673
NUE,Stock,data/historical/stocks/NUE.csv,10098,1980-03-17,2020-04-01,2276765.3495741733
BEN,Stock,data/historical/stocks/BEN.csv,9207,1983-09-23,2020-04-01,2276554.523731943
UCO,ETF,data/historical/etfs/UCO.csv,2856,2008-11-25,2020-04-01,2273765.231092437
NUAN,Stock,data/historical/stocks/NUAN.csv,6119,1995-12-11,2020-04-01,2260128.223565942
HON,Stock,data/historical/stocks/HON.csv,12676,1970-01-02,2020-04-01,2251554.17324077
NI,Stock,data/historical/stocks/NI.csv,11885,1973-02-21,2020-04-01,2250241.1561763715
CTL,Stock,data/historical/stocks/CTL.csv,10098,1980-03-17,2020-04-01,2249939.393939394
LRCX,Stock,data/historical/stocks/LRCX.csv,9052,1984-05-04,2020-04-01,2245857.346442775
LBTYK,Stock,data/historical/stocks/LBTYK.csv,3666,2005-09-08,2020-04-01,2245791.871249318
HIMX,Stock,data/historical/stocks/HIMX.csv,3525,2006-03-31,2020-04-01,2244303.9432624113
DXJ,ETF,data/historical/etfs/DXJ.csv,3472,2006-06-16,2020-04-01,2239069.815668203
EXPE,Stock,data/historical/stocks/EXPE.csv,3700,2005-07-21,2020-04-01,2235551.027027027
HES,Stock,data/historical/stocks/HES.csv,10099,1980-03-17,2020-04-01,2221059.566250743
VG,Stock,data/historical/stocks/VG.csv,3488,2006-05-24,2020-04-01,2214720.384174312
EMR,Stock,data/historical/stocks/EMR.csv,12064,1972-06-01,2020-04-01,2210404.948607427
GLUU,Stock,data/historical/stocks/GLUU.csv,3281,2007-03-22,2020-04-01,2209772.691252667
GSAT,Stock,data/historical/stocks/GSAT.csv,3375,2006-11-02,2020-04-01,2206307.6740740743
ITB,ETF,data/historical/etfs/ITB.csv,3501,2006-05-05,2020-04-01,2204945.2442159383
ASML,Stock,data/historical/stocks/ASML.csv,6307,1995-03-15,2020-04-01,2193026.7480577137
WDC,Stock,data/historical/stocks/WDC.csv,10445,1978-10-31,2020-04-01,2190301.3212063187
WYNN,Stock,data/historical/stocks/WYNN.csv,4388,2002-10-25,2020-04-01,2185836.7137648133
ADI,Stock,data/historical/stocks/ADI.csv,10098,1980-03-17,2020-04-01,2177978.302634185
HMY,Stock,data/historical/stocks/HMY.csv,6516,1994-05-17,2020-04-01,2168983.348680172
ABB,Stock,data/historical/stocks/ABB.csv,4776,2001-04-06,2020-04-01,2159763.4003350083
KIM,Stock,data/historical/stocks/KIM.csv,7142,1991-11-22,2020-04-01,2155432.693923271
MAT,Stock,data/historical/stocks/MAT.csv,11044,1976-06-17,2020-04-01,2152945.798623687
MMM,Stock,data/historical/stocks/MMM.csv,12676,1970-01-02,2020-04-01,2147840.2650678447
PAYX,Stock,data/historical/stocks/PAYX.csv,9226,1983-08-26,2020-04-01,2146637.8170388034
MFA,Stock,data/historical/stocks/MFA.csv,5530,1998-04-13,2020-04-01,2126117.9204339962
TEF,Stock,data/historical/stocks/TEF.csv,8269,1987-06-12,2020-04-01,2121433.430091921
IVZ,Stock,data/historical/stocks/IVZ.csv,6193,1995-08-25,2020-04-01,2121090.6668819636
SCO,ETF,data/historical/etfs/SCO.csv,2856,2008-11-25,2020-04-01,2117310.819327731
APA,Stock,data/historical/stocks/APA.csv,10310,1979-05-15,2020-04-01,2115120.853540252
JWN,Stock,data/historical/stocks/JWN.csv,10098,1980-03-17,2020-04-01,2111058.6749851457
EWY,ETF,data/historical/etfs/EWY.csv,5003,2000-05-12,2020-04-01,2109358.6847891267
HDB,Stock,data/historical/stocks/HDB.csv,4704,2001-07-20,2020-04-01,2109309.587585034
IR,Stock,data/historical/stocks/IR.csv,10098,1980-03-17,2020-04-01,2108198.0689245397
SCCO,Stock,data/historical/stocks/SCCO.csv,6102,1996-01-05,2020-04-01,2100350.7866273355
LFC,Stock,data/historical/stocks/LFC.csv,4100,2003-12-17,2020-04-01,2085538.3902439023
EL,Stock,data/historical/stocks/EL.csv,6135,1995-11-17,2020-04-01,2083592.0932507336
VMW,Stock,data/historical/stocks/VMW.csv,3180,2007-08-15,2020-04-01,2079899.7798742137
CDNS,Stock,data/historical/stocks/CDNS.csv,8270,1987-06-10,2020-04-01,2079618.4643288997
ADP,Stock,data/historical/stocks/ADP.csv,10099,1980-03-17,2020-04-01,2078614.1117052883
SKX,Stock,data/historical/stocks/SKX.csv,5238,1999-06-09,2020-04-01,2062206.6055746467
SILK,Stock,data/historical/stocks/SILK.csv,2443,2008-01-02,2020-04-01,2062158.1105198527
LEN,Stock,data/historical/stocks/LEN.csv,10098,1980-03-17,2020-04-01,2052466.0625866507
TFC,Stock,data/historical/stocks/TFC.csv,10097,1980-03-18,2020-04-01,2039825.5323363375
STT,Stock,data/historical/stocks/STT.csv,10098,1980-03-17,2020-04-01,2039519.3107546049
SWKS,Stock,data/historical/stocks/SWKS.csv,8965,1984-09-07,2020-04-01,2031156.698271054
SPXS,ETF,data/historical/etfs/SPXS.csv,2860,2008-11-19,2020-04-01,2030846.013986014
NVO,Stock,data/historical/stocks/NVO.csv,9815,1981-04-30,2020-04-01,2030117.2287315333
MDY,ETF,data/historical/etfs/MDY.csv,6272,1995-05-04,2020-04-01,2029664.0784438776
AU,Stock,data/historical/stocks/AU.csv,5450,1998-08-05,2020-04-01,2029647.7247706421
KBH,Stock,data/historical/stocks/KBH.csv,8486,1986-08-01,2020-04-01,2017869.974074947
KDP,Stock,data/historical/stocks/KDP.csv,2998,2008-05-07,2020-04-02,2015810.3103103102
SINA,Stock,data/historical/stocks/SINA.csv,5023,2000-04-13,2020-04-01,2011767.2108301811
DAN,Stock,data/historical/stocks/DAN.csv,3084,2008-01-02,2020-04-01,1993605.6095979249
ACB,Stock,data/historical/stocks/ACB.csv,5055,2000-01-03,2020-04-01,1990082.4391691394
VTI,ETF,data/historical/etfs/VTI.csv,4728,2001-06-15,2020-04-01,1981657.8891708967
PFF,ETF,data/historical/etfs/PFF.csv,3275,2007-03-30,2020-04-01,1979972.6717557253
NBL,Stock,data/historical/stocks/NBL.csv,10098,1980-03-17,2020-04-01,1974555.2980788276
WLL,Stock,data/historical/stocks/WLL.csv,4118,2003-11-20,2020-04-01,1970113.0645944634
EXTR,Stock,data/historical/stocks/EXTR.csv,5280,1999-04-09,2020-04-01,1968527.8409090908
PPL,Stock,data/historical/stocks/PPL.csv,10098,1980-03-17,2020-04-01,1957214.824717766
EWG,ETF,data/historical/etfs/EWG.csv,6052,1996-03-18,2020-04-01,1952264.1771315269
VFC,Stock,data/historical/stocks/VFC.csv,10098,1980-03-17,2020-04-01,1952173.687858982
HOG,Stock,data/historical/stocks/HOG.csv,8506,1986-07-08,2020-04-01,1951271.495766698
EXEL,Stock,data/historical/stocks/EXEL.csv,5021,2000-04-17,2020-04-01,1948257.2794264092
TS,Stock,data/historical/stocks/TS.csv,4353,2002-12-16,2020-04-01,1945562.7613140363
FLR,Stock,data/historical/stocks/FLR.csv,4862,2000-12-01,2020-04-01,1941284.2863019335
UN,Stock,data/historical/stocks/UN.csv,10098,1980-03-17,2020-04-01,1931251.2081600316
NG,Stock,data/historical/stocks/NG.csv,4109,2003-12-04,2020-04-01,1908521.708444877
TOL,Stock,data/historical/stocks/TOL.csv,8504,1986-07-08,2020-04-01,1897370.8490122296
SYY,Stock,data/historical/stocks/SYY.csv,11832,1973-05-08,2020-04-02,1893062.5898064408
NTES,Stock,data/historical/stocks/NTES.csv,4969,2000-06-30,2020-04-01,1885705.3531897767
STM,Stock,data/historical/stocks/STM.csv,6373,1994-12-08,2020-04-01,1880379.852502746
PBCT,Stock,data/historical/stocks/PBCT.csv,7999,1988-07-06,2020-04-01,1879984.573071634
PDLI,Stock,data/historical/stocks/PDLI.csv,7097,1992-01-29,2020-04-01,1875336.5083838243
DKS,Stock,data/historical/stocks/DKS.csv,4395,2002-10-16,2020-04-01,1875241.6609783845
DISCK,Stock,data/historical/stocks/DISCK.csv,2904,2008-09-18,2020-04-01,1874471.9008264462
APH,Stock,data/historical/stocks/APH.csv,7152,1991-11-08,2020-04-01,1873641.303131991
KMX,Stock,data/historical/stocks/KMX.csv,5828,1997-02-04,2020-04-01,1873603.792038435
EWW,ETF,data/historical/etfs/EWW.csv,6052,1996-03-18,2020-04-01,1861820.2742894911
HRB,Stock,data/historical/stocks/HRB.csv,11884,1973-02-21,2020-04-01,1860295.1110737126
PFG,Stock,data/historical/stocks/PFG.csv,4642,2001-10-23,2020-04-01,1854616.264541146
MBI,Stock,data/historical/stocks/MBI.csv,8255,1987-07-01,2020-04-01,1852782.6165960024
CNI,Stock,data/historical/stocks/CNI.csv,5875,1996-11-26,2020-04-01,1846834.0765957446
MCO,Stock,data/historical/stocks/MCO.csv,6400,1994-10-31,2020-04-01,1842158.765625
AG,Stock,data/historical/stocks/AG.csv,3358,2006-11-28,2020-04-01,1841798.451459202
CCI,Stock,data/historical/stocks/CCI.csv,5441,1998-08-18,2020-04-01,1839076.9895239845
CPRT,Stock,data/historical/stocks/CPRT.csv,6557,1994-03-17,2020-04-01,1836821.6409943572
BWA,Stock,data/historical/stocks/BWA.csv,6707,1993-08-13,2020-04-01,1835907.1417921574
KBR,Stock,data/historical/stocks/KBR.csv,3365,2006-11-16,2020-04-01,1834083.8930163446
CNO,Stock,data/historical/stocks/CNO.csv,4169,2003-09-10,2020-04-01,1833739.7217558168
GNTX,Stock,data/historical/stocks/GNTX.csv,9651,1981-12-22,2020-04-01,1831466.72883639
EW,Stock,data/historical/stocks/EW.csv,5036,2000-03-27,2020-04-01,1820790.7267672757
RDN,Stock,data/historical/stocks/RDN.csv,6905,1992-10-30,2020-04-01,1815758.942795076
CAR,Stock,data/historical/stocks/CAR.csv,9214,1983-09-14,2020-04-01,1813902.9954417192
UUP,ETF,data/historical/etfs/UUP.csv,3296,2007-03-01,2020-04-01,1810267.354368932
LKQ,Stock,data/historical/stocks/LKQ.csv,4151,2003-10-06,2020-04-01,1805107.1308118526
DO,Stock,data/historical/stocks/DO.csv,6161,1995-10-11,2020-04-01,1801584.6453497808
DBC,ETF,data/historical/etfs/DBC.csv,3563,2006-02-06,2020-04-01,1798251.7541397698
IWF,ETF,data/historical/etfs/IWF.csv,4993,2000-05-26,2020-04-01,1796634.3080312437
WM,Stock,data/historical/stocks/WM.csv,8008,1988-06-22,2020-04-01,1783867.3576423577
UNG,ETF,data/historical/etfs/UNG.csv,3263,2007-04-18,2020-04-01,1782608.1520073551
DS,Stock,data/historical/stocks/DS.csv,4399,2002-10-10,2020-04-01,1779141.6685610367
D,Stock,data/historical/stocks/D.csv,10098,1980-03-17,2020-04-01,1769874.2523271935
AMKR,Stock,data/historical/stocks/AMKR.csv,5516,1998-05-01,2020-04-01,1762618.165337201
XRX,Stock,data/historical/stocks/XRX.csv,10908,1977-01-03,2020-04-01,1757815.6046575594
PCAR,Stock,data/historical/stocks/PCAR.csv,10098,1980-03-17,2020-04-01,1755859.7841156665
PEG,Stock,data/historical/stocks/PEG.csv,10150,1980-01-02,2020-04-01,1743602.9950738917
HOLX,Stock,data/historical/stocks/HOLX.csv,7581,1990-03-01,2020-04-01,1742768.7244426857
SBS,Stock,data/historical/stocks/SBS.csv,4505,2002-05-10,2020-04-01,1742204.395116537
TER,Stock,data/historical/stocks/TER.csv,11884,1973-02-21,2020-04-01,1741306.1511275666
DRH,Stock,data/historical/stocks/DRH.csv,3738,2005-05-26,2020-04-01,1735522.2578919209
TSN,Stock,data/historical/stocks/TSN.csv,10098,1980-03-17,2020-04-01,1725442.9193899783
TTWO,Stock,data/historical/stocks/TTWO.csv,5780,1997-04-15,2020-04-01,1724590.8131487889
IP,Stock,data/historical/stocks/IP.csv,14663,1962-01-02,2020-04-01,1721686.851258269
MFC,Stock,data/historical/stocks/MFC.csv,5163,1999-09-24,2020-04-01,1716233.2558589967
PCG,Stock,data/historical/stocks/PCG.csv,12064,1972-06-01,2020-04-01,1711112.7320954907
NWL,Stock,data/historical/stocks/NWL.csv,10098,1980-03-17,2020-04-01,1708754.9415725886
CREE,Stock,data/historical/stocks/CREE.csv,6836,1993-02-09,2020-04-01,1696054.1837331774
GSK,Stock,data/historical/stocks/GSK.csv,10089,1980-03-28,2020-04-01,1694397.1454058876
BLL,Stock,data/historical/stocks/BLL.csv,11885,1973-02-21,2020-04-01,1692885.2490743857
CSIQ,Stock,data/historical/stocks/CSIQ.csv,3370,2006-11-09,2020-04-01,1692698.9614243323
FFIV,Stock,data/historical/stocks/FFIV.csv,5241,1999-06-04,2020-04-01,1691804.40755581
MPW,Stock,data/historical/stocks/MPW.csv,3709,2005-07-08,2020-04-01,1691034.6993798867
TDC,Stock,data/historical/stocks/TDC.csv,3148,2007-10-01,2020-04-01,1690888.6594663279
DUK,Stock,data/historical/stocks/DUK.csv,10098,1980-03-17,2020-04-01,1688387.0073281839
SNY,Stock,data/historical/stocks/SNY.csv,4470,2002-07-01,2020-04-01,1687321.9015659955
AMP,Stock,data/historical/stocks/AMP.csv,3661,2005-09-15,2020-04-01,1683959.5192570337
EDU,Stock,data/historical/stocks/EDU.csv,3409,2006-09-15,2020-04-01,1679608.8882370198
DB,Stock,data/historical/stocks/DB.csv,5881,1996-11-18,2020-04-01,1678683.4892025166
DIG,ETF,data/historical/etfs/DIG.csv,3315,2007-02-01,2020-04-01,1676898.310708899
RCL,Stock,data/historical/stocks/RCL.csv,6783,1993-04-28,2020-04-01,1676489.5458566796
PLC,ETF,data/historical/etfs/PLC.csv,4917,2000-01-03,2020-04-01,1673788.9019727476
OVV,Stock,data/historical/stocks/OVV.csv,4529,2002-04-08,2020-04-01,1664088.0547582249
NVS,Stock,data/historical/stocks/NVS.csv,5888,1996-11-07,2020-04-01,1658382.7785326086
PSEC,Stock,data/historical/stocks/PSEC.csv,3950,2004-07-27,2020-04-01,1649031.3243859205
TECL,ETF,data/historical/etfs/TECL.csv,2833,2008-12-30,2020-04-01,1647111.3660430638
BKD,Stock,data/historical/stocks/BKD.csv,3614,2005-11-22,2020-04-01,1646003.6257957376
DRI,Stock,data/historical/stocks/DRI.csv,6269,1995-05-09,2020-04-01,1643033.5300685915
ATI,Stock,data/historical/stocks/ATI.csv,5118,1999-11-29,2020-04-01,1639323.6420476749
PLD,Stock,data/historical/stocks/PLD.csv,5625,1997-11-21,2020-04-01,1636756.1066666667
IWR,ETF,data/historical/etfs/IWR.csv,4678,2001-08-27,2020-04-01,1636407.738349722
L,Stock,data/historical/stocks/L.csv,10098,1980-03-17,2020-04-01,1635647.4846504258
MUFG,Stock,data/historical/stocks/MUFG.csv,4780,2001-04-02,2020-04-01,1626195.690376569
CAH,Stock,data/historical/stocks/CAH.csv,9244,1983-08-04,2020-04-01,1625807.1413114045
MCK,Stock,data/historical/stocks/MCK.csv,6392,1994-11-10,2020-04-01,1623411.170212766
NOG,Stock,data/historical/stocks/NOG.csv,3266,2007-04-13,2020-04-01,1620130.7103490508
MT,Stock,data/historical/stocks/MT.csv,5700,1997-08-07,2020-04-01,1611923.298245614
GRMN,Stock,data/historical/stocks/GRMN.csv,4857,2000-12-08,2020-04-01,1609727.012559193
CIM,Stock,data/historical/stocks/CIM.csv,3106,2007-11-29,2020-04-01,1608523.98583387
EQR,Stock,data/historical/stocks/EQR.csv,6708,1993-08-12,2020-04-01,1607339.833035182
HSIC,Stock,data/historical/stocks/HSIC.csv,6144,1995-11-03,2020-04-01,1606756.34765625
CNP,Stock,data/historical/stocks/CNP.csv,12676,1970-01-02,2020-04-01,1603629.4256863364
FIS,Stock,data/historical/stocks/FIS.csv,4725,2001-06-20,2020-04-01,1600952.253968254
INFN,Stock,data/historical/stocks/INFN.csv,3228,2007-06-07,2020-04-01,1599580.8859975217
BND,ETF,data/historical/etfs/BND.csv,3269,2007-04-10,2020-04-01,1597165.983481187
CCEP,Stock,data/historical/stocks/CCEP.csv,8407,1986-11-24,2020-04-01,1593045.5270045206
NSC,Stock,data/historical/stocks/NSC.csv,9540,1982-06-02,2020-04-01,1591740.3354297695
IWD,ETF,data/historical/etfs/IWD.csv,4993,2000-05-26,2020-04-01,1588978.1894652513
GERN,Stock,data/historical/stocks/GERN.csv,5958,1996-07-31,2020-04-01,1587323.1621349447
NEW,Stock,data/historical/stocks/NEW.csv,4414,2000-01-04,2020-04-01,1586328.539646579
ING,Stock,data/historical/stocks/ING.csv,6515,1994-05-18,2020-04-01,1581358.8641596315
ETN,Stock,data/historical/stocks/ETN.csv,12064,1972-06-01,2020-04-01,1579454.9900530505
ACGL,Stock,data/historical/stocks/ACGL.csv,6180,1995-09-14,2020-04-01,1579110.4854368933
AGG,ETF,data/historical/etfs/AGG.csv,4156,2003-09-29,2020-04-01,1574452.5505293552
DXC,Stock,data/historical/stocks/DXC.csv,11993,1972-06-01,2020-04-01,1574380.0692070373
EWA,ETF,data/historical/etfs/EWA.csv,6052,1996-03-18,2020-04-01,1570639.29279577
ZBH,Stock,data/historical/stocks/ZBH.csv,4701,2001-07-25,2020-04-01,1563333.7800467985
EQT,Stock,data/historical/stocks/EQT.csv,10098,1980-03-17,2020-04-01,1561271.182412359
VEU,ETF,data/historical/etfs/VEU.csv,3291,2007-03-08,2020-04-01,1556556.3658462474
DVA,Stock,data/historical/stocks/DVA.csv,6147,1995-10-31,2020-04-01,1555151.7162843663
CCJ,Stock,data/historical/stocks/CCJ.csv,6054,1996-03-14,2020-04-01,1548347.1423852
MDRX,Stock,data/historical/stocks/MDRX.csv,5206,1999-07-26,2020-04-01,1547498.866692278
HSBC,Stock,data/historical/stocks/HSBC.csv,5212,1999-07-16,2020-04-01,1544095.7981580966
NDAQ,Stock,data/historical/stocks/NDAQ.csv,4470,2002-07-01,2020-04-01,1536354.4295302012
RRC,Stock,data/historical/stocks/RRC.csv,10032,1980-06-19,2020-04-01,1536297.5976874004
PWR,Stock,data/historical/stocks/PWR.csv,5570,1998-02-12,2020-04-01,1531146.894075404
AMRN,Stock,data/historical/stocks/AMRN.csv,6800,1993-04-01,2020-04-01,1526450.1029411764
ISBC,Stock,data/historical/stocks/ISBC.csv,3642,2005-10-12,2020-04-01,1521574.629324547
FLO,Stock,data/historical/stocks/FLO.csv,10098,1980-03-17,2020-04-01,1521543.265993266
GT,Stock,data/historical/stocks/GT.csv,14663,1962-01-02,2020-04-01,1521333.4720043647
DHC,Stock,data/historical/stocks/DHC.csv,3835,2005-01-06,2020-04-01,1521012.1512385919
WY,Stock,data/historical/stocks/WY.csv,11834,1973-05-03,2020-04-01,1519357.030589826
RIO,Stock,data/historical/stocks/RIO.csv,7498,1990-06-28,2020-04-01,1516358.7623366232
TOT,Stock,data/historical/stocks/TOT.csv,7162,1991-10-25,2020-04-01,1513759.7877687796
FDX,Stock,data/historical/stocks/FDX.csv,10586,1978-04-12,2020-04-01,1513659.125259777
WIT,Stock,data/historical/stocks/WIT.csv,4892,2000-10-19,2020-04-01,1512387.0809484874
PEAK,Stock,data/historical/stocks/PEAK.csv,8787,1985-05-23,2020-04-01,1511819.7814705214
RSG,Stock,data/historical/stocks/RSG.csv,5474,1998-07-01,2020-04-01,1511571.5381804896
ARCC,Stock,data/historical/stocks/ARCC.csv,3900,2004-10-05,2020-04-01,1507602.2307692308
KMB,Stock,data/historical/stocks/KMB.csv,10098,1980-03-17,2020-04-01,1501265.1812240048
UNM,Stock,data/historical/stocks/UNM.csv,8418,1986-11-06,2020-04-01,1499089.6412449514
MMC,Stock,data/historical/stocks/MMC.csv,11884,1973-02-21,2020-04-01,1498959.8956580276
NCR,Stock,data/historical/stocks/NCR.csv,5865,1996-12-11,2020-04-01,1485730.2301790281
LIN,Stock,data/historical/stocks/LIN.csv,7000,1992-06-17,2020-04-01,1484849.3714285714
OPK,Stock,data/historical/stocks/OPK.csv,6145,1995-11-02,2020-04-01,1483403.1733116354
LSCC,Stock,data/historical/stocks/LSCC.csv,7657,1989-11-09,2020-04-01,1480299.8563406034
SHO,Stock,data/historical/stocks/SHO.csv,3888,2004-10-21,2020-04-01,1480111.6255144032
SBH,Stock,data/historical/stocks/SBH.csv,3364,2006-11-17,2020-04-01,1472974.9405469678
OC,Stock,data/historical/stocks/OC.csv,3376,2006-11-01,2020-04-01,1458681.220379147
ISRG,Stock,data/historical/stocks/ISRG.csv,4979,2000-06-16,2020-04-01,1457874.8744727857
ALXN,Stock,data/historical/stocks/ALXN.csv,6065,1996-02-28,2020-04-01,1454604.2374278647
LMT,Stock,data/historical/stocks/LMT.csv,10908,1977-01-03,2020-04-01,1447558.4945447878
GD,Stock,data/historical/stocks/GD.csv,10907,1977-01-03,2020-04-01,1447263.1521041533
URE,ETF,data/historical/etfs/URE.csv,3314,2007-02-02,2020-04-01,1444893.7235968618
RTN,Stock,data/historical/stocks/RTN.csv,9646,1981-12-31,2020-04-01,1442626.905132193
STZ,Stock,data/historical/stocks/STZ.csv,7064,1992-03-17,2020-04-01,1442396.517553794
SPG,Stock,data/historical/stocks/SPG.csv,6622,1993-12-14,2020-04-01,1438869.26910299
ACWI,ETF,data/historical/etfs/ACWI.csv,3025,2008-03-28,2020-04-01,1438718.9421487604
GCI,Stock,data/historical/stocks/GCI.csv,8760,1985-07-01,2020-04-01,1433938.0797945205
OTEX,Stock,data/historical/stocks/OTEX.csv,6089,1996-01-24,2020-04-01,1431392.1662013468
OMC,Stock,data/historical/stocks/OMC.csv,10098,1980-03-17,2020-04-01,1428710.0812041988
TSCO,Stock,data/historical/stocks/TSCO.csv,6576,1994-02-17,2020-04-01,1420640.2372262774
SYK,Stock,data/historical/stocks/SYK.csv,10098,1980-03-17,2020-04-01,1418609.1701326997
HRI,Stock,data/historical/stocks/HRI.csv,3365,2006-11-16,2020-04-01,1417055.8098068351
PXD,Stock,data/historical/stocks/PXD.csv,5699,1997-08-08,2020-04-01,1415187.7522372345
BCS,Stock,data/historical/stocks/BCS.csv,8460,1986-09-09,2020-04-01,1414806.6903073287
FHN,Stock,data/historical/stocks/FHN.csv,10099,1980-03-17,2020-04-01,1412980.7585660527
AXL,Stock,data/historical/stocks/AXL.csv,5328,1999-01-29,2020-04-01,1409815.746996997
EQNR,Stock,data/historical/stocks/EQNR.csv,4727,2001-06-18,2020-04-01,1406888.4281785488
CRUS,Stock,data/historical/stocks/CRUS.csv,7764,1989-06-09,2020-04-01,1405287.6738794437
TTM,Stock,data/historical/stocks/TTM.csv,3906,2004-09-27,2020-04-01,1385020.174091142
MOMO,Stock,data/historical/stocks/MOMO.csv,3191,2007-05-01,2020-04-01,1383858.0068943906
AGN,Stock,data/historical/stocks/AGN.csv,7755,1989-06-22,2020-04-01,1382369.774339136
WEN,Stock,data/historical/stocks/WEN.csv,10061,1980-05-06,2020-04-01,1380521.1609183978
TRV,Stock,data/historical/stocks/TRV.csv,11191,1975-11-17,2020-04-01,1378469.5827003843
PNC,Stock,data/historical/stocks/PNC.csv,11191,1975-11-17,2020-04-01,1378286.4176570459
TXT,Stock,data/historical/stocks/TXT.csv,11885,1973-02-21,2020-04-01,1373466.8041063615
FOLD,Stock,data/historical/stocks/FOLD.csv,3233,2007-05-31,2020-04-01,1364490.3804515928
MTW,Stock,data/historical/stocks/MTW.csv,7564,1990-03-26,2020-04-01,1362424.4711792702
AGO,Stock,data/historical/stocks/AGO.csv,4013,2004-04-23,2020-04-01,1362118.5646648393
EMB,ETF,data/historical/etfs/EMB.csv,3092,2007-12-19,2020-04-01,1360806.468305304
CB,Stock,data/historical/stocks/CB.csv,8965,1984-09-07,2020-04-01,1358183.0005577244
SNPS,Stock,data/historical/stocks/SNPS.csv,7078,1992-02-26,2020-04-01,1355622.5628708676
PPG,Stock,data/historical/stocks/PPG.csv,10098,1980-03-17,2020-04-01,1345491.2160823925
TRN,Stock,data/historical/stocks/TRN.csv,11834,1973-05-03,2020-04-01,1345123.4071319925
TIF,Stock,data/historical/stocks/TIF.csv,8295,1987-05-05,2020-04-01,1341665.2200120555
LNG,Stock,data/historical/stocks/LNG.csv,6546,1994-04-04,2020-04-01,1333478.0629391996
ILMN,Stock,data/historical/stocks/ILMN.csv,4950,2000-07-28,2020-04-01,1333414.808080808
GPN,Stock,data/historical/stocks/GPN.csv,4833,2001-01-16,2020-04-01,1332700.4965859714
LNC,Stock,data/historical/stocks/LNC.csv,10099,1980-03-17,2020-04-01,1331969.330560507
IEF,ETF,data/historical/etfs/IEF.csv,4450,2002-07-30,2020-04-01,1331438.6966292134
CE,Stock,data/historical/stocks/CE.csv,3825,2005-01-21,2020-04-01,1328804.183006536
TRMB,Stock,data/historical/stocks/TRMB.csv,7483,1990-07-20,2020-04-01,1321604.4367232393
TROW,Stock,data/historical/stocks/TROW.csv,8572,1986-04-02,2020-04-01,1320694.5980632366
SPXC,Stock,data/historical/stocks/SPXC.csv,10098,1980-03-17,2020-04-01,1316076.9162210338
CXO,Stock,data/historical/stocks/CXO.csv,3188,2007-08-03,2020-04-01,1315331.9322459223
TZA,ETF,data/historical/etfs/TZA.csv,2860,2008-11-19,2020-04-01,1315330.2447552448
VAR,Stock,data/historical/stocks/VAR.csv,10098,1980-03-17,2020-04-01,1308325.2525252525
TPX,Stock,data/historical/stocks/TPX.csv,4099,2003-12-18,2020-04-01,1307947.1578433765
CPE,Stock,data/historical/stocks/CPE.csv,7564,1990-03-26,2020-04-01,1295599.0745637228
EWC,ETF,data/historical/etfs/EWC.csv,6052,1996-03-18,2020-04-01,1290927.2141440846
IWN,ETF,data/historical/etfs/IWN.csv,4950,2000-07-28,2020-04-01,1289549.5555555555
DGX,Stock,data/historical/stocks/DGX.csv,5861,1996-12-17,2020-04-01,1288869.169083774
URI,Stock,data/historical/stocks/URI.csv,5607,1997-12-18,2020-04-01,1286401.5873015872
BHP,Stock,data/historical/stocks/BHP.csv,10098,1980-03-17,2020-04-01,1285519.7761933056
EMN,Stock,data/historical/stocks/EMN.csv,6623,1993-12-14,2020-04-01,1284024.7508305649
CHRW,Stock,data/historical/stocks/CHRW.csv,5651,1997-10-16,2020-04-01,1283295.9122279242
EXPD,Stock,data/historical/stocks/EXPD.csv,8953,1984-09-26,2020-04-01,1282700.2345844505
PDS,Stock,data/historical/stocks/PDS.csv,5882,1996-11-15,2020-04-01,1281336.8582114927
MGA,Stock,data/historical/stocks/MGA.csv,8945,1984-10-05,2020-04-01,1278380.8608160983
VTR,Stock,data/historical/stocks/VTR.csv,5766,1997-05-05,2020-04-01,1277161.2729795352
CLNE,Stock,data/historical/stocks/CLNE.csv,3236,2007-05-25,2020-04-01,1275970.1792336218
VRTX,Stock,data/historical/stocks/VRTX.csv,7228,1991-07-24,2020-04-01,1270635.874377421
MVV,ETF,data/historical/etfs/MVV.csv,3469,2006-06-21,2020-04-01,1266851.974632459
PGX,ETF,data/historical/etfs/PGX.csv,3064,2008-01-31,2020-04-01,1266383.5182767625
WTI,Stock,data/historical/stocks/WTI.csv,3820,2005-01-28,2020-04-01,1264711.3612565445
LYV,Stock,data/historical/stocks/LYV.csv,3593,2005-12-21,2020-04-01,1260066.0450876704
EIX,Stock,data/historical/stocks/EIX.csv,11834,1973-05-03,2020-04-01,1259673.4493831333
IWO,ETF,data/historical/etfs/IWO.csv,4950,2000-07-28,2020-04-01,1257076.2828282828
SHY,ETF,data/historical/etfs/SHY.csv,4450,2002-07-30,2020-04-01,1254786.7191011235
EXK,Stock,data/historical/stocks/EXK.csv,3508,2006-04-26,2020-04-01,1251326.7103762827
SUN,Stock,data/historical/stocks/SUN.csv,7933,1988-10-05,2020-04-01,1251187.8323458969
ITW,Stock,data/historical/stocks/ITW.csv,11870,1973-03-13,2020-04-01,1250607.447346251
SRE,Stock,data/historical/stocks/SRE.csv,5476,1998-06-29,2020-04-01,1248110.6464572682
BGCP,Stock,data/historical/stocks/BGCP.csv,5109,1999-12-10,2020-04-01,1247922.9203366607
CMI,Stock,data/historical/stocks/CMI.csv,11885,1973-02-21,2020-04-01,1244825.605856614
DBI,Stock,data/historical/stocks/DBI.csv,3715,2005-06-29,2020-04-01,1239355.3701211305
SAP,Stock,data/historical/stocks/SAP.csv,6178,1995-09-18,2020-04-01,1239140.2071867918
TWLO,Stock,data/historical/stocks/TWLO.csv,2750,2000-02-10,2020-04-01,1238468.7047272727
HLX,Stock,data/historical/stocks/HLX.csv,5726,1997-07-01,2020-04-01,1230484.9982535802
SPR,Stock,data/historical/stocks/SPR.csv,3358,2006-11-28,2020-04-01,1228786.8374032162
IRM,Stock,data/historical/stocks/IRM.csv,6083,1996-02-01,2020-04-01,1225467.1872431366
CENX,Stock,data/historical/stocks/CENX.csv,6044,1996-03-29,2020-04-01,1221328.859837829
AAP,Stock,data/historical/stocks/AAP.csv,4616,2001-11-29,2020-04-01,1221043.7175043328
PAAS,Stock,data/historical/stocks/PAAS.csv,6246,1995-06-12,2020-04-01,1220203.44220301
SPGI,Stock,data/historical/stocks/SPGI.csv,11884,1973-02-21,2020-04-01,1219432.7162571524
CBL,Stock,data/historical/stocks/CBL.csv,6654,1993-10-28,2020-04-01,1214618.9810640216
ACAD,Stock,data/historical/stocks/ACAD.csv,3989,2004-05-27,2020-04-01,1213461.9453497117
CGNX,Stock,data/historical/stocks/CGNX.csv,7736,1989-07-20,2020-04-01,1211539.2580144778
HPR,Stock,data/historical/stocks/HPR.csv,3853,2004-12-10,2020-04-01,1210089.1253568649
BRFS,Stock,data/historical/stocks/BRFS.csv,4891,2000-10-20,2020-04-01,1202554.7331833981
NEE,Stock,data/historical/stocks/NEE.csv,11884,1973-02-21,2020-04-01,1201471.1460787614
GPOR,Stock,data/historical/stocks/GPOR.csv,5306,1999-03-03,2020-04-01,1201200.7727101394
ILF,ETF,data/historical/etfs/ILF.csv,4639,2001-10-26,2020-04-01,1201051.8215132572
AEE,Stock,data/historical/stocks/AEE.csv,5598,1998-01-02,2020-04-01,1200232.851018221
GTE,Stock,data/historical/stocks/GTE.csv,3593,2005-12-21,2020-04-01,1198993.9326468133
DLR,Stock,data/historical/stocks/DLR.csv,3882,2004-10-29,2020-04-01,1196483.3333333333
MUR,Stock,data/historical/stocks/MUR.csv,10098,1980-03-17,2020-04-01,1188261.7349970292
FEZ,ETF,data/historical/etfs/FEZ.csv,4392,2002-10-21,2020-04-01,1187917.7367941712
DEI,Stock,data/historical/stocks/DEI.csv,3381,2006-10-25,2020-04-01,1187098.5507246377
ZION,Stock,data/historical/stocks/ZION.csv,10098,1980-03-17,2020-04-01,1186779.1245791246
AN,Stock,data/historical/stocks/AN.csv,7531,1990-05-11,2020-04-01,1181960.6161200372
CZZ,Stock,data/historical/stocks/CZZ.csv,3167,2007-09-04,2020-04-01,1175871.7082412378
DOV,Stock,data/historical/stocks/DOV.csv,10098,1980-03-17,2020-04-01,1175626.3319469201
PTC,Stock,data/historical/stocks/PTC.csv,7637,1989-12-08,2020-04-01,1172925.7561869845
TXMD,Stock,data/historical/stocks/TXMD.csv,3248,2007-05-09,2020-04-01,1170911.0837438423
CS,Stock,data/historical/stocks/CS.csv,6264,1995-05-16,2020-04-01,1170107.6149425288
MTOR,Stock,data/historical/stocks/MTOR.csv,4964,2000-07-10,2020-04-01,1168032.3529411764
DRE,Stock,data/historical/stocks/DRE.csv,8608,1986-02-06,2020-04-01,1165092.750929368
AEP,Stock,data/historical/stocks/AEP.csv,12676,1970-01-02,2020-04-01,1164912.6065004733
FLIR,Stock,data/historical/stocks/FLIR.csv,6744,1993-06-22,2020-04-01,1158821.5005931198
SEE,Stock,data/historical/stocks/SEE.csv,8129,1987-12-30,2020-04-01,1158439.4021404847
IPI,Stock,data/historical/stocks/IPI.csv,3008,2008-04-22,2020-04-01,1155548.5039893617
XEL,Stock,data/historical/stocks/XEL.csv,11884,1973-02-21,2020-04-01,1151177.2298889263
MWA,Stock,data/historical/stocks/MWA.csv,3486,2006-05-26,2020-04-01,1148851.4629948365
BG,Stock,data/historical/stocks/BG.csv,4695,2001-08-02,2020-04-01,1148121.4057507988
DOX,Stock,data/historical/stocks/DOX.csv,5482,1998-06-19,2020-04-01,1143036.4465523532
HUM,Stock,data/historical/stocks/HUM.csv,9645,1981-12-31,2020-04-01,1142376.4333851736
PHG,Stock,data/historical/stocks/PHG.csv,10098,1980-03-17,2020-04-01,1137020.1723113488
OI,Stock,data/historical/stocks/OI.csv,7130,1991-12-11,2020-04-01,1136293.7868162694
INCY,Stock,data/historical/stocks/INCY.csv,6649,1993-11-04,2020-04-01,1135256.1588208752
NOC,Stock,data/historical/stocks/NOC.csv,9648,1981-12-31,2020-04-01,1134323.7843442198
PAA,Stock,data/historical/stocks/PAA.csv,5376,1998-11-18,2020-04-01,1133324.7953869049
SBAC,Stock,data/historical/stocks/SBAC.csv,5233,1999-06-16,2020-04-01,1132582.9734377987
ALK,Stock,data/historical/stocks/ALK.csv,10098,1980-03-17,2020-04-01,1132324.440483264
HFC,Stock,data/historical/stocks/HFC.csv,10098,1980-03-17,2020-04-01,1131884.3533372944
MNKD,Stock,data/historical/stocks/MNKD.csv,3948,2004-07-28,2020-04-01,1113696.8085106383
BBVA,Stock,data/historical/stocks/BBVA.csv,7885,1988-12-15,2020-04-01,1112515.0412175015
WCN,Stock,data/historical/stocks/WCN.csv,5501,1998-05-22,2020-04-01,1103993.9465551719
HRL,Stock,data/historical/stocks/HRL.csv,10098,1980-03-17,2020-04-01,1101749.9306793425
GPK,Stock,data/historical/stocks/GPK.csv,6877,1992-12-10,2020-04-01,1101365.5082157918
EAT,Stock,data/historical/stocks/EAT.csv,9135,1984-01-06,2020-04-01,1098821.3355227148
PBI,Stock,data/historical/stocks/PBI.csv,12064,1972-06-01,2020-04-01,1097229.7911140583
OCN,Stock,data/historical/stocks/OCN.csv,5919,1996-09-25,2020-04-01,1094868.8967731036
WSM,Stock,data/historical/stocks/WSM.csv,9262,1983-07-07,2020-04-01,1092361.4122219824
LPX,Stock,data/historical/stocks/LPX.csv,10098,1980-03-17,2020-04-01,1090911.200237671
MYGN,Stock,data/historical/stocks/MYGN.csv,6164,1995-10-06,2020-04-01,1090810.2855288773
TMO,Stock,data/historical/stocks/TMO.csv,10098,1980-03-17,2020-04-01,1089233.9077044958
CMA,Stock,data/historical/stocks/CMA.csv,10099,1980-03-17,2020-04-01,1086394.7514359278
BBH,ETF,data/historical/etfs/BBH.csv,5121,1999-11-23,2020-04-01,1085296.270259715
BBL,Stock,data/historical/stocks/BBL.csv,4222,2003-06-25,2020-04-01,1085148.3893889152
SHOO,Stock,data/historical/stocks/SHOO.csv,6623,1993-12-13,2020-04-01,1082543.4395289144
SITC,Stock,data/historical/stocks/SITC.csv,6841,1993-02-02,2020-04-01,1076043.630317205
BMRN,Stock,data/historical/stocks/BMRN.csv,5206,1999-07-26,2020-04-01,1073465.0019208605
XEC,Stock,data/historical/stocks/XEC.csv,4410,2002-09-25,2020-04-01,1072690.612244898
NKTR,Stock,data/historical/stocks/NKTR.csv,6526,1994-05-03,2020-04-01,1069366.0435182347
CMS,Stock,data/historical/stocks/CMS.csv,11884,1973-02-21,2020-04-01,1062921.2975429147
ZIOP,Stock,data/historical/stocks/ZIOP.csv,3676,2005-08-24,2020-04-01,1060088.737758433
WW,Stock,data/historical/stocks/WW.csv,4625,2001-11-15,2020-04-01,1058099.4594594594
BVN,Stock,data/historical/stocks/BVN.csv,6011,1996-05-15,2020-04-01,1057556.2468807187
CHL,Stock,data/historical/stocks/CHL.csv,5647,1997-10-22,2020-04-01,1057161.2891800955
FMC,Stock,data/historical/stocks/FMC.csv,10098,1980-03-17,2020-04-01,1049606.8924539513
CYH,Stock,data/historical/stocks/CYH.csv,9000,1984-07-19,2020-04-01,1043831.2888888889
CUBE,Stock,data/historical/stocks/CUBE.csv,3887,2004-10-22,2020-04-01,1042861.255466941
K,Stock,data/historical/stocks/K.csv,11884,1973-02-21,2020-04-01,1039807.6657691014
SM,Stock,data/historical/stocks/SM.csv,6873,1992-12-16,2020-04-01,1039625.7238469373
CPB,Stock,data/historical/stocks/CPB.csv,11884,1973-02-21,2020-04-01,1034306.9084483339
SMFG,Stock,data/historical/stocks/SMFG.csv,3569,2006-01-27,2020-04-01,1029640.2073409918
ACM,Stock,data/historical/stocks/ACM.csv,3247,2007-05-10,2020-04-01,1028017.0003079766
OKE,Stock,data/historical/stocks/OKE.csv,9960,1980-10-01,2020-04-01,1024675.2409638554
IWB,ETF,data/historical/etfs/IWB.csv,4998,2000-05-19,2020-04-01,1020677.6110444177
AKRX,Stock,data/historical/stocks/AKRX.csv,4447,2002-08-02,2020-04-01,1016940.0944456938
LDOS,Stock,data/historical/stocks/LDOS.csv,3387,2006-10-17,2020-04-01,1014636.4038972543
BSV,ETF,data/historical/etfs/BSV.csv,3269,2007-04-10,2020-04-01,1006729.4891404099
DBA,ETF,data/historical/etfs/DBA.csv,3333,2007-01-05,2020-04-01,1006703.7503750375
TD,Stock,data/historical/stocks/TD.csv,5936,1996-08-30,2020-04-01,1002041.6610512129
AON,Stock,data/historical/stocks/AON.csv,10046,1980-06-02,2020-04-01,999488.3623693379
THC,Stock,data/historical/stocks/THC.csv,10098,1980-03-17,2020-04-01,995951.2081600317
ASH,Stock,data/historical/stocks/ASH.csv,10098,1980-03-17,2020-04-01,988472.2420281244
RMD,Stock,data/historical/stocks/RMD.csv,6252,1995-06-02,2020-04-01,987370.7773512476
MANH,Stock,data/historical/stocks/MANH.csv,5522,1998-04-23,2020-04-01,986179.9166968489
AIV,Stock,data/historical/stocks/AIV.csv,6470,1994-07-22,2020-04-01,983115.2395672334
AWK,Stock,data/historical/stocks/AWK.csv,3007,2008-04-23,2020-04-01,981446.9903558363
APD,Stock,data/historical/stocks/APD.csv,10098,1980-03-17,2020-04-01,978534.1156664686
CLS,Stock,data/historical/stocks/CLS.csv,5475,1998-06-30,2020-04-01,976605.9543378996
OIL,ETF,data/historical/etfs/OIL.csv,3430,2006-08-16,2020-04-01,976354.8979591837
RHI,Stock,data/historical/stocks/RHI.csv,6883,1984-05-22,2020-04-01,974515.8752181501
HAS,Stock,data/historical/stocks/HAS.csv,10098,1980-03-17,2020-04-01,972460.3782927312
IYF,ETF,data/historical/etfs/IYF.csv,4993,2000-05-26,2020-04-01,970560.4245944322
SOHU,Stock,data/historical/stocks/SOHU.csv,4962,2000-07-12,2020-04-01,968743.8331318017
EXAS,Stock,data/historical/stocks/EXAS.csv,4821,2001-02-01,2020-04-01,967844.9491806679
NTRS,Stock,data/historical/stocks/NTRS.csv,10098,1980-03-17,2020-04-01,964680.560507031
BYD,Stock,data/historical/stocks/BYD.csv,6663,1993-10-15,2020-04-01,959899.0394717094
LL,Stock,data/historical/stocks/LL.csv,3119,2007-11-09,2020-04-01,957783.6486053222
AER,Stock,data/historical/stocks/AER.csv,3362,2006-11-21,2020-04-01,956833.9381320643
FL,Stock,data/historical/stocks/FL.csv,14663,1962-01-02,2020-04-01,956454.0953420174
BTE,Stock,data/historical/stocks/BTE.csv,3524,2006-04-03,2020-04-01,955966.4301929625
IGSB,ETF,data/historical/etfs/IGSB.csv,3329,2007-01-11,2020-04-01,953087.6539501352
JBHT,Stock,data/historical/stocks/JBHT.csv,9166,1983-11-22,2020-04-01,952514.6426623022
QID,ETF,data/historical/etfs/QID.csv,3454,2006-07-13,2020-04-01,951878.8650839606
CDE,Stock,data/historical/stocks/CDE.csv,10098,1980-03-17,2020-04-01,950272.3014458308
HLIT,Stock,data/historical/stocks/HLIT.csv,6259,1995-05-23,2020-04-01,944083.0643872824
OIS,Stock,data/historical/stocks/OIS.csv,4815,2001-02-09,2020-04-01,941968.5773624091
GES,Stock,data/historical/stocks/GES.csv,5953,1996-08-08,2020-04-01,941209.2069892474
CHD,Stock,data/historical/stocks/CHD.csv,10098,1980-03-17,2020-04-01,940693.1966726085
SYNA,Stock,data/historical/stocks/SYNA.csv,4576,2002-01-29,2020-04-01,940433.3916083917
AOBC,Stock,data/historical/stocks/AOBC.csv,5190,1999-08-17,2020-04-01,938594.816955684
XRAY,Stock,data/historical/stocks/XRAY.csv,8227,1987-08-12,2020-04-01,935478.0452224653
IDXX,Stock,data/historical/stocks/IDXX.csv,7250,1991-06-21,2020-04-01,934794.9103448276
GEN,Stock,data/historical/stocks/GEN.csv,4760,2001-05-01,2020-04-01,933033.9707983193
TIVO,Stock,data/historical/stocks/TIVO.csv,5803,1997-03-13,2020-04-01,932137.4698379869
EXG,Stock,data/historical/stocks/EXG.csv,3260,2007-04-23,2020-04-01,929863.0674846625
UYM,ETF,data/historical/etfs/UYM.csv,3315,2007-02-01,2020-04-01,929115.8672699849
AGCO,Stock,data/historical/stocks/AGCO.csv,7042,1992-04-16,2020-04-01,925227.6199943197
O,Stock,data/historical/stocks/O.csv,6409,1994-10-18,2020-04-01,923699.7971602434
BIG,Stock,data/historical/stocks/BIG.csv,8767,1985-06-20,2020-04-01,919367.5601688148
VSH,Stock,data/historical/stocks/VSH.csv,10099,1980-03-17,2020-04-01,916739.4731630025
BDX,Stock,data/historical/stocks/BDX.csv,11884,1973-02-21,2020-04-01,916374.9410972736
AROC,Stock,data/historical/stocks/AROC.csv,3176,2007-08-21,2020-04-01,915354.1561712846
INVH,Stock,data/historical/stocks/INVH.csv,2712,2005-10-25,2020-04-01,914188.7326696165
SKM,Stock,data/historical/stocks/SKM.csv,5981,1996-06-27,2020-04-01,912491.8073900685
CAKE,Stock,data/historical/stocks/CAKE.csv,6935,1992-09-18,2020-04-01,909095.6308579668
PDCO,Stock,data/historical/stocks/PDCO.csv,6907,1992-10-28,2020-04-01,906780.1940060807
EUO,ETF,data/historical/etfs/EUO.csv,2856,2008-11-25,2020-04-01,904334.243697479
EGO,Stock,data/historical/stocks/EGO.csv,4328,2003-01-23,2020-04-01,896041.9362292052
WEC,Stock,data/historical/stocks/WEC.csv,10098,1980-03-17,2020-04-01,895785.2545058427
RYN,Stock,data/historical/stocks/RYN.csv,6577,1994-02-17,2020-04-01,892174.650243309
PCY,ETF,data/historical/etfs/PCY.csv,3140,2007-10-11,2020-04-01,887165.0318471338
NYMT,Stock,data/historical/stocks/NYMT.csv,3950,2004-07-26,2020-04-01,885045.5189873418
DDD,Stock,data/historical/stocks/DDD.csv,8080,1988-03-10,2020-04-01,884150.1113861386
ORI,Stock,data/historical/stocks/ORI.csv,10098,1980-03-17,2020-04-01,883669.1027926322
TWM,ETF,data/historical/etfs/TWM.csv,3320,2007-01-25,2020-04-01,882287.8614457832
AHT,Stock,data/historical/stocks/AHT.csv,4179,2003-08-26,2020-04-01,880950.8016271836
ENTG,Stock,data/historical/stocks/ENTG.csv,4963,2000-07-11,2020-04-01,878837.8601652227
TEX,Stock,data/historical/stocks/TEX.csv,10096,1980-03-19,2020-04-01,878638.530110935
FLS,Stock,data/historical/stocks/FLS.csv,10098,1980-03-17,2020-04-01,877022.5886314121
SSRM,Stock,data/historical/stocks/SSRM.csv,5957,1996-08-01,2020-04-01,873688.5344972302
HP,Stock,data/historical/stocks/HP.csv,9950,1980-10-15,2020-04-01,872122.2512562814
HSY,Stock,data/historical/stocks/HSY.csv,10098,1980-03-17,2020-04-01,871574.9554367202
ALKS,Stock,data/historical/stocks/ALKS.csv,7234,1991-07-16,2020-04-01,869778.2554603262
RL,Stock,data/historical/stocks/RL.csv,5739,1997-06-12,2020-04-01,869577.1911482837
AIZ,Stock,data/historical/stocks/AIZ.csv,4067,2004-02-05,2020-04-01,869558.6427342021
ERJ,Stock,data/historical/stocks/ERJ.csv,4955,2000-07-21,2020-04-01,869190.5348133199
VIV,Stock,data/historical/stocks/VIV.csv,5378,1998-11-16,2020-04-01,863112.1792487914
SEIC,Stock,data/historical/stocks/SEIC.csv,9840,1981-03-25,2020-04-01,862555.6910569106
UFS,Stock,data/historical/stocks/UFS.csv,3292,2007-03-07,2020-04-01,859033.5358444714
IONS,Stock,data/historical/stocks/IONS.csv,7274,1991-05-17,2020-04-01,856348.4052790762
PH,Stock,data/historical/stocks/PH.csv,10099,1980-03-17,2020-04-01,855308.6551792434
WMS,Stock,data/historical/stocks/WMS.csv,9664,1981-02-26,2020-04-01,853626.1375206953
WRB,Stock,data/historical/stocks/WRB.csv,11714,1973-10-23,2020-04-01,852112.1051732969
BXP,Stock,data/historical/stocks/BXP.csv,5735,1997-06-18,2020-04-01,852061.7785527463
CHU,Stock,data/historical/stocks/CHU.csv,4976,2000-06-21,2020-04-01,851027.6326366559
RRD,Stock,data/historical/stocks/RRD.csv,10098,1980-03-17,2020-04-01,849324.0344622697
CNK,Stock,data/historical/stocks/CNK.csv,3259,2007-04-24,2020-04-01,847594.5688861614
OCSL,Stock,data/historical/stocks/OCSL.csv,2972,2008-06-12,2020-04-01,845605.8882907133
RBS,Stock,data/historical/stocks/RBS.csv,3135,2007-10-18,2020-04-01,845237.6076555024
LPL,Stock,data/historical/stocks/LPL.csv,3952,2004-07-22,2020-04-01,845106.7813765182
MAC,Stock,data/historical/stocks/MAC.csv,6562,1994-03-10,2020-04-01,843822.508381591
UEC,Stock,data/historical/stocks/UEC.csv,3271,2007-04-05,2020-04-01,838619.3824518496
ULTA,Stock,data/historical/stocks/ULTA.csv,3130,2007-10-25,2020-04-01,838095.6869009584
AME,Stock,data/historical/stocks/AME.csv,9001,1984-07-19,2020-04-01,837843.1666666666
ADS,Stock,data/historical/stocks/ADS.csv,4728,2001-06-15,2020-04-01,835048.4771573604
HALO,Stock,data/historical/stocks/HALO.csv,4040,2004-03-16,2020-04-01,833547.5495049505
LM,Stock,data/historical/stocks/LM.csv,9245,1983-08-01,2020-04-01,830764.7701460249
TIP,ETF,data/historical/etfs/TIP.csv,4108,2003-12-05,2020-04-01,830242.5754625122
IJH,ETF,data/historical/etfs/IJH.csv,4993,2000-05-26,2020-04-01,826189.8457840978
BLDP,Stock,data/historical/stocks/BLDP.csv,6141,1995-11-08,2020-04-01,824905.8133854421
MTL,Stock,data/historical/stocks/MTL.csv,3882,2004-10-29,2020-04-01,819457.5991756826
LAZ,Stock,data/historical/stocks/LAZ.csv,3753,2005-05-05,2020-04-01,818578.7903010924
BR,Stock,data/historical/stocks/BR.csv,3274,2007-04-02,2020-04-01,818267.9291386683
ECL,Stock,data/historical/stocks/ECL.csv,11885,1973-02-21,2020-04-01,815677.1541568496
EWBC,Stock,data/historical/stocks/EWBC.csv,5325,1999-02-03,2020-04-01,814436.0
ALGN,Stock,data/historical/stocks/ALGN.csv,4823,2001-01-30,2020-04-01,814255.090192826
HAIN,Stock,data/historical/stocks/HAIN.csv,6596,1994-01-20,2020-04-01,812723.3929654337
SHV,ETF,data/historical/etfs/SHV.csv,3329,2007-01-11,2020-04-01,811993.9321117452
AEM,Stock,data/historical/stocks/AEM.csv,11885,1973-02-21,2020-04-01,810303.04611242
ADTN,Stock,data/historical/stocks/ADTN.csv,6457,1994-08-10,2020-04-01,809983.0106860772
AAXJ,ETF,data/historical/etfs/AAXJ.csv,2927,2008-08-15,2020-04-01,809969.2517936453
BKNG,Stock,data/historical/stocks/BKNG.csv,5286,1999-03-31,2020-04-01,808132.5387816875
PRGO,Stock,data/historical/stocks/PRGO.csv,7126,1991-12-17,2020-04-01,807680.3396014594
SANM,Stock,data/historical/stocks/SANM.csv,6792,1993-04-14,2020-04-01,807093.9634864547
AOS,Stock,data/historical/stocks/AOS.csv,9203,1983-09-30,2020-04-01,806118.9089328407
FOSL,Stock,data/historical/stocks/FOSL.csv,6795,1993-04-08,2020-04-01,805490.6843267108
SCI,Stock,data/historical/stocks/SCI.csv,10098,1980-03-17,2020-04-01,805355.486234898
UHS,Stock,data/historical/stocks/UHS.csv,9767,1981-07-09,2020-04-01,805001.1876727757
GL,Stock,data/historical/stocks/GL.csv,9961,1980-10-01,2020-04-02,803984.6485943776
VST,Stock,data/historical/stocks/VST.csv,5017,2000-01-03,2020-04-01,803506.1311802233
DSX,Stock,data/historical/stocks/DSX.csv,3783,2005-03-23,2020-04-01,800991.2767644726
ENIA,Stock,data/historical/stocks/ENIA.csv,6660,1993-10-20,2020-04-01,796555.7207207207
ORLY,Stock,data/historical/stocks/ORLY.csv,6785,1993-04-23,2020-04-01,794574.620486367
VNO,Stock,data/historical/stocks/VNO.csv,10098,1980-03-17,2020-04-01,793381.6201227966
CLX,Stock,data/historical/stocks/CLX.csv,11884,1973-02-21,2020-04-01,793136.4271289129
ERF,Stock,data/historical/stocks/ERF.csv,4871,2000-11-17,2020-04-01,792857.9347156641
ACIW,Stock,data/historical/stocks/ACIW.csv,6320,1995-02-24,2020-04-01,792155.6012658228
EXR,Stock,data/historical/stocks/EXR.csv,3935,2004-08-16,2020-04-01,789454.332909784
BHR,Stock,data/historical/stocks/BHR.csv,3450,2002-04-30,2020-04-01,786561.3298550724
KNX,Stock,data/historical/stocks/KNX.csv,6404,1994-10-25,2020-04-01,786492.5671455341
TLRD,Stock,data/historical/stocks/TLRD.csv,7043,1992-04-15,2020-04-01,785965.5118557432
DECK,Stock,data/historical/stocks/DECK.csv,6663,1993-10-15,2020-04-01,784784.7666216419
PKG,Stock,data/historical/stocks/PKG.csv,5076,2000-01-28,2020-04-01,781777.6792750197
UDR,Stock,data/historical/stocks/UDR.csv,10098,1980-03-17,2020-04-01,780100.9803921569
RCII,Stock,data/historical/stocks/RCII.csv,6341,1995-01-25,2020-04-01,779998.8172212585
UMPQ,Stock,data/historical/stocks/UMPQ.csv,5494,1998-06-03,2020-04-01,779701.6563523844
DVY,ETF,data/historical/etfs/DVY.csv,4127,2003-11-07,2020-04-01,779566.949357887
INO,Stock,data/historical/stocks/INO.csv,5363,1998-12-08,2020-04-01,779123.7367145255
MUX,Stock,data/historical/stocks/MUX.csv,10062,1980-05-07,2020-04-01,775638.312462731
UTHR,Stock,data/historical/stocks/UTHR.csv,5232,1999-06-17,2020-04-01,775367.7370030581
CFX,Stock,data/historical/stocks/CFX.csv,2996,2008-05-08,2020-04-01,773905.0400534045
GIL,Stock,data/historical/stocks/GIL.csv,5482,1998-06-19,2020-04-01,773050.9303174024
QGEN,Stock,data/historical/stocks/QGEN.csv,5980,1996-06-28,2020-04-01,771957.5752508361
ELY,Stock,data/historical/stocks/ELY.csv,7076,1992-02-28,2020-04-01,771375.0
ETR,Stock,data/historical/stocks/ETR.csv,12064,1972-06-01,2020-04-01,770710.9167771883
MD,Stock,data/historical/stocks/MD.csv,6176,1995-09-20,2020-04-01,770564.5239637305
EWU,ETF,data/historical/etfs/EWU.csv,6052,1996-03-18,2020-04-01,769400.1156642432
CCK,Stock,data/historical/stocks/CCK.csv,10098,1980-03-17,2020-04-01,768399.8712616359
WLK,Stock,data/historical/stocks/WLK.csv,3937,2004-08-12,2020-04-01,766856.159512319
NTR,Stock,data/historical/stocks/NTR.csv,1270,2007-07-12,2020-04-01,765351.1360323887
LHX,Stock,data/historical/stocks/LHX.csv,9645,1981-12-31,2020-04-01,764831.4256091239
IBIO,Stock,data/historical/stocks/IBIO.csv,2925,2008-08-19,2020-04-01,764719.2478632479
G,Stock,data/historical/stocks/G.csv,3189,2007-08-02,2020-04-01,764539.2285983067
OEF,ETF,data/historical/etfs/OEF.csv,4886,2000-10-27,2020-04-01,763352.2103970528
TXRH,Stock,data/historical/stocks/TXRH.csv,3900,2004-10-05,2020-04-01,762532.3333333334
NTGR,Stock,data/historical/stocks/NTGR.csv,4197,2003-07-31,2020-04-01,761955.3728853944
VAL,Stock,data/historical/stocks/VAL.csv,10110,1980-02-28,2020-04-01,760588.7141444115
ROK,Stock,data/historical/stocks/ROK.csv,9645,1981-12-31,2020-04-01,758464.6034214619
VTV,ETF,data/historical/etfs/VTV.csv,4071,2004-01-30,2020-04-01,757988.2338491771
WAT,Stock,data/historical/stocks/WAT.csv,6134,1995-11-17,2020-04-01,757981.8552331268
IWS,ETF,data/historical/etfs/IWS.csv,4695,2001-08-02,2020-04-01,756834.6325878594
FTK,Stock,data/historical/stocks/FTK.csv,3696,2005-07-27,2020-04-01,754744.4534632035
WDR,Stock,data/historical/stocks/WDR.csv,5556,1998-03-05,2020-04-01,754342.7645788337
CXW,Stock,data/historical/stocks/CXW.csv,5717,1997-07-15,2020-04-01,752110.6174567081
LAMR,Stock,data/historical/stocks/LAMR.csv,5956,1996-08-02,2020-04-01,749627.0987239758
WPRT,Stock,data/historical/stocks/WPRT.csv,2927,2008-08-15,2020-04-01,749593.235394602
BRO,Stock,data/historical/stocks/BRO.csv,9869,1981-02-11,2020-04-01,748822.2210963623
GLNG,Stock,data/historical/stocks/GLNG.csv,4209,2003-07-15,2020-04-01,747745.1651223568
ED,Stock,data/historical/stocks/ED.csv,14663,1962-01-02,2020-04-01,746177.0715406124
DK,Stock,data/historical/stocks/DK.csv,3502,2006-05-04,2020-04-01,745972.0731010851
CMG,Stock,data/historical/stocks/CMG.csv,3570,2006-01-26,2020-04-01,743384.8459383753
RSP,ETF,data/historical/etfs/RSP.csv,4260,2003-05-01,2020-04-01,743062.0422535212
ANH,Stock,data/historical/stocks/ANH.csv,5551,1998-03-12,2020-04-01,742195.1179967574
PZZA,Stock,data/historical/stocks/PZZA.csv,6754,1993-06-08,2020-04-01,741393.6926265917
SRPT,Stock,data/historical/stocks/SRPT.csv,5745,1997-06-04,2020-04-01,739666.8929503916
CVI,Stock,data/historical/stocks/CVI.csv,3132,2007-10-23,2020-04-01,738600.3831417625
SNE,Stock,data/historical/stocks/SNE.csv,11884,1973-02-21,2020-04-01,737958.9363850555
CMC,Stock,data/historical/stocks/CMC.csv,10098,1980-03-17,2020-04-01,734572.8064963359
JEF,Stock,data/historical/stocks/JEF.csv,10098,1980-03-17,2020-04-01,734399.4256288374
BAM,Stock,data/historical/stocks/BAM.csv,9141,1983-12-30,2020-04-02,734213.1852500273
NAK,Stock,data/historical/stocks/NAK.csv,4718,2001-06-29,2020-04-01,732706.6553624417
AXS,Stock,data/historical/stocks/AXS.csv,4218,2003-07-01,2020-04-01,731447.86628734
KT,Stock,data/historical/stocks/KT.csv,5247,1999-05-26,2020-04-01,731277.7587192681
PPH,ETF,data/historical/etfs/PPH.csv,5074,2000-02-01,2020-04-01,731242.2349231376
LXP,Stock,data/historical/stocks/LXP.csv,6658,1993-10-22,2020-04-01,730128.4770201262
SBGI,Stock,data/historical/stocks/SBGI.csv,6249,1995-06-07,2020-04-01,729622.1635461674
EBR,Stock,data/historical/stocks/EBR.csv,2860,2008-11-19,2020-04-01,728755.06993007
UGP,Stock,data/historical/stocks/UGP.csv,5154,1999-10-07,2020-04-01,727094.9165696546
ACOR,Stock,data/historical/stocks/ACOR.csv,3559,2006-02-10,2020-04-01,726963.9505479067
FMX,Stock,data/historical/stocks/FMX.csv,5510,1998-05-11,2020-04-01,723725.8076225045
TTC,Stock,data/historical/stocks/TTC.csv,10098,1980-03-17,2020-04-01,723330.6892453951
TAP,Stock,data/historical/stocks/TAP.csv,11301,1975-06-12,2020-04-01,723068.1975046456
CPRX,Stock,data/historical/stocks/CPRX.csv,3371,2006-11-08,2020-04-01,722817.7692079502
LH,Stock,data/historical/stocks/LH.csv,7561,1990-03-29,2020-04-01,722237.5611691575
GPL,Stock,data/historical/stocks/GPL.csv,3484,2006-05-31,2020-04-01,720733.1515499426
ODFL,Stock,data/historical/stocks/ODFL.csv,7164,1991-10-24,2020-04-01,719221.2620410443
VIG,ETF,data/historical/etfs/VIG.csv,3504,2006-05-02,2020-04-01,719200.5993150685
ARAY,Stock,data/historical/stocks/ARAY.csv,3310,2007-02-08,2020-04-01,717809.6374622356
VLY,Stock,data/historical/stocks/VLY.csv,7565,1990-03-23,2020-04-01,716563.3840052875
EPC,Stock,data/historical/stocks/EPC.csv,5036,2000-03-27,2020-04-01,715664.416203336
INVA,Stock,data/historical/stocks/INVA.csv,3900,2004-10-05,2020-04-01,715322.6666666666
FCEL,Stock,data/historical/stocks/FCEL.csv,6994,1992-06-25,2020-04-01,714955.4046325422
ROL,Stock,data/historical/stocks/ROL.csv,10098,1980-03-17,2020-04-01,714699.3563081798
ALV,Stock,data/historical/stocks/ALV.csv,5771,1997-04-28,2020-04-01,713488.4422110553
SNBR,Stock,data/historical/stocks/SNBR.csv,5365,1998-12-04,2020-04-01,713411.9291705498
WELL,Stock,data/historical/stocks/WELL.csv,10096,1980-03-19,2020-04-01,711460.7666402536
OII,Stock,data/historical/stocks/OII.csv,11202,1975-10-31,2020-04-01,710676.5845384753
CLGX,Stock,data/historical/stocks/CLGX.csv,7648,1989-11-22,2020-04-01,710454.5632845188
RBBN,Stock,data/historical/stocks/RBBN.csv,4994,2000-05-25,2020-04-01,709355.8470164197
SLS,Stock,data/historical/stocks/SLS.csv,3036,2008-03-12,2020-04-01,707531.1594202898
KIE,ETF,data/historical/etfs/KIE.csv,3618,2005-11-15,2020-04-01,705751.3266998342
VT,ETF,data/historical/etfs/VT.csv,2962,2008-06-26,2020-04-01,705062.5590817016
GOL,Stock,data/historical/stocks/GOL.csv,3971,2004-06-24,2020-04-01,704820.7252581214
DNN,Stock,data/historical/stocks/DNN.csv,3812,2005-02-09,2020-04-01,704120.5403987408
ASX,Stock,data/historical/stocks/ASX.csv,4905,2000-10-02,2020-04-01,703958.6544342508
SLAB,Stock,data/historical/stocks/SLAB.csv,5037,2000-03-24,2020-04-01,703424.1215008934
BC,Stock,data/historical/stocks/BC.csv,9645,1981-12-31,2020-04-01,702449.3727319855
YPF,Stock,data/historical/stocks/YPF.csv,6739,1993-06-29,2020-04-01,702325.1817777118
RFM,Stock,data/historical/stocks/RFM.csv,4823,2000-01-03,2020-04-01,701661.1049139539
NAT,Stock,data/historical/stocks/NAT.csv,5663,1997-09-30,2020-04-01,701246.2299134735
SGEN,Stock,data/historical/stocks/SGEN.csv,4796,2001-03-09,2020-04-01,701156.8181818182
ALB,Stock,data/historical/stocks/ALB.csv,6575,1994-02-22,2020-04-01,696860.0091268634
CRI,Stock,data/historical/stocks/CRI.csv,4135,2003-10-28,2020-04-01,696777.1221281742
OHI,Stock,data/historical/stocks/OHI.csv,6965,1992-08-07,2020-04-01,691033.1993107409
BDN,Stock,data/historical/stocks/BDN.csv,8492,1986-07-24,2020-04-01,689548.1158737636
LLNW,Stock,data/historical/stocks/LLNW.csv,3227,2007-06-08,2020-04-01,686354.3848775952
SLG,Stock,data/historical/stocks/SLG.csv,5694,1997-08-15,2020-04-01,685964.4011239902
OSTK,Stock,data/historical/stocks/OSTK.csv,4492,2002-05-30,2020-04-01,685519.5458593054
RES,Stock,data/historical/stocks/RES.csv,9027,1984-06-11,2020-04-01,683522.7650382187
PNR,Stock,data/historical/stocks/PNR.csv,11834,1973-05-03,2020-04-01,682134.9247929694
EGHT,Stock,data/historical/stocks/EGHT.csv,5725,1997-07-02,2020-04-01,679850.1310043668
IRDM,Stock,data/historical/stocks/IRDM.csv,3030,2008-03-20,2020-04-01,679797.3267326732
IMGN,Stock,data/historical/stocks/IMGN.csv,7647,1989-11-17,2020-04-01,676917.9939845691
MSCI,Stock,data/historical/stocks/MSCI.csv,3115,2007-11-15,2020-04-01,676827.8651685393
CP,Stock,data/historical/stocks/CP.csv,9139,1983-12-30,2020-04-01,674258.6497428602
NYT,Stock,data/historical/stocks/NYT.csv,11834,1973-05-03,2020-04-01,673971.4128781477
DPZ,Stock,data/historical/stocks/DPZ.csv,3959,2004-07-13,2020-04-01,673332.9628694115
LEG,Stock,data/historical/stocks/LEG.csv,10098,1980-03-17,2020-04-01,671623.321449792
TRNX,Stock,data/historical/stocks/TRNX.csv,2860,2008-11-19,2020-04-01,670868.951048951
SRCL,Stock,data/historical/stocks/SRCL.csv,5941,1996-08-23,2020-04-01,667862.8008752735
EC,Stock,data/historical/stocks/EC.csv,2904,2008-09-18,2020-04-01,666054.7865013774
RIGL,Stock,data/historical/stocks/RIGL.csv,4864,2000-11-29,2020-04-01,664918.5855263158
DHT,Stock,data/historical/stocks/DHT.csv,3641,2005-10-13,2020-04-01,664629.2502059874
TSU,Stock,data/historical/stocks/TSU.csv,5378,1998-11-16,2020-04-01,663932.967645965
SVC,Stock,data/historical/stocks/SVC.csv,6199,1995-08-17,2020-04-01,663877.9964510405
GGG,Stock,data/historical/stocks/GGG.csv,10098,1980-03-17,2020-04-01,662033.2838185779
SHW,Stock,data/historical/stocks/SHW.csv,10098,1980-03-17,2020-04-01,661523.2026143791
DXCM,Stock,data/historical/stocks/DXCM.csv,3768,2005-04-14,2020-04-01,660694.6125265392
JCOM,Stock,data/historical/stocks/JCOM.csv,5207,1999-07-23,2020-04-01,656378.8361820626
IVW,ETF,data/historical/etfs/IVW.csv,4993,2000-05-26,2020-04-01,654119.4271980773
MELI,Stock,data/historical/stocks/MELI.csv,3183,2007-08-10,2020-04-01,653961.5771284951
AEG,Stock,data/historical/stocks/AEG.csv,8761,1985-06-28,2020-04-01,652922.9882433512
TREX,Stock,data/historical/stocks/TREX.csv,5281,1999-04-08,2020-04-01,649521.3595909865
INSG,Stock,data/historical/stocks/INSG.csv,4871,2000-11-16,2020-04-01,649264.0353110244
SKT,Stock,data/historical/stocks/SKT.csv,6760,1993-05-28,2020-04-01,649009.9260355029
BIL,ETF,data/historical/etfs/BIL.csv,3234,2007-05-30,2020-04-01,648447.4644403215
EPP,ETF,data/historical/etfs/EPP.csv,4639,2001-10-26,2020-04-01,646917.0295322267
EWS,ETF,data/historical/etfs/EWS.csv,6052,1996-03-18,2020-04-01,646568.4236615995
CTAS,Stock,data/historical/stocks/CTAS.csv,9231,1983-08-19,2020-04-01,645686.9461596793
ACC,Stock,data/historical/stocks/ACC.csv,3935,2004-08-16,2020-04-01,642535.6797966963
JAZZ,Stock,data/historical/stocks/JAZZ.csv,3232,2007-06-01,2020-04-01,642007.8898514851
ENLC,Stock,data/historical/stocks/ENLC.csv,4083,2004-01-13,2020-04-01,641967.6218466813
PSQ,ETF,data/historical/etfs/PSQ.csv,3469,2006-06-21,2020-04-01,640946.9587777457
SRNE,Stock,data/historical/stocks/SRNE.csv,3284,2007-03-19,2020-04-01,640292.0219244823
SGMO,Stock,data/historical/stocks/SGMO.csv,5028,2000-04-06,2020-04-01,640052.30708035
TTI,Stock,data/historical/stocks/TTI.csv,7558,1990-04-03,2020-04-01,639132.4821381317
DAR,Stock,data/historical/stocks/DAR.csv,6436,1994-09-09,2020-04-01,638464.6364201368
KLIC,Stock,data/historical/stocks/KLIC.csv,11884,1973-02-21,2020-04-01,634202.8862335914
J,Stock,data/historical/stocks/J.csv,10098,1980-03-17,2020-04-01,634181.669637552
WAB,Stock,data/historical/stocks/WAB.csv,6242,1995-06-16,2020-04-01,633503.9730855495
ES,Stock,data/historical/stocks/ES.csv,11884,1973-02-21,2020-04-01,630467.7128912824
FXE,ETF,data/historical/etfs/FXE.csv,3600,2005-12-12,2020-04-01,629866.7777777778
VNDA,Stock,data/historical/stocks/VNDA.csv,3517,2006-04-12,2020-04-01,629742.7068524311
SNV,Stock,data/historical/stocks/SNV.csv,7699,1989-09-12,2020-04-01,629571.6716456682
IVE,ETF,data/historical/etfs/IVE.csv,4993,2000-05-26,2020-04-01,626395.053074304
XPO,Stock,data/historical/stocks/XPO.csv,4150,2003-10-07,2020-04-01,623959.2048192772
GEO,Stock,data/historical/stocks/GEO.csv,6467,1994-07-27,2020-04-01,618558.9608783053
ENB,Stock,data/historical/stocks/ENB.csv,9087,1984-03-15,2020-04-01,617590.8990866073
